name,aliases,orcid,orcid_basis,openalex_id,google_scholar_id,homepage_url,notes
Anne Kinsinger,,,,,,,
Marcy Litvak,,0000-0002-4255-2263,resolver: name + employer on the ORCID record (2026-10-09),,,,
Jennifer Rudgers,,0000-0001-7094-4857,resolver: name + employer on the ORCID record (2026-10-09),,,,The CHANGES page caption calls her 'co-director of ARID Institute'; the leadership page lists no ARID role.
Becky Bixby,,,,,,,
Jose Cerrato,,0000-0002-2473-6376,resolver: name + employer on the ORCID record (2026-10-09),,,,
Laura Crossey,,0000-0001-6237-8023,resolver: name + employer on the ORCID record (2026-10-09),,,,
Thomas De Pree,Thomas A. De Pree,,,,,,"'Thomas A. De Pree, PhD' on the CHANGES engagement-core team page, with a different title from the leadership page."
Jessica Rowland,,,,,,,
Kim Eichhorst,Kim Eichorst,0009-0004-0657-9348,resolver: name + employer on the ORCID record (2026-10-09),,,,Spelled 'Kim Eichorst' on the FOR-NM page; 'Eichhorst' on the leadership and Sevilleta pages.
Emily Jones,,,,,,,
Sang Han,,,,,wSJ6cxcAAAAJ,,The leadership page links a Google Scholar profile rather than a website.
Andreas Hernandez,,,,,,,
Heather Himmelberger,,0009-0000-5374-5522,resolver: name + employer on the ORCID record (2026-10-09),,,,
Debbie Lee,,0009-0009-7920-9651,resolver: name + employer on the ORCID record (2026-10-09),,,,'Program Operations Director' on the leadership and contact pages; 'Senior Program Manager' on the FOR-NM page and in the CHANGES caption.
Sebastian Medina,,0009-0001-1925-230X,resolver: name + employer on the ORCID record (2026-10-09),,,,
Melinda Morgan,,0000-0002-9076-739X,resolver: name + employer on the ORCID record (2026-10-09),,,,
Anjali Mulchandani,,0000-0001-6529-8336,resolver: name + employer on the ORCID record (2026-10-09),,,,
Claudia Pratesi,,0000-0003-2752-4296,resolver: name + employer on the ORCID record (2026-10-09),,,,
Michael Rocca,,0000-0002-2765-0260,resolver: name + employer on the ORCID record (2026-10-09),,,,
Heidi Honegger Rogers,,0000-0002-1133-1847,resolver: name + employer on the ORCID record (2026-10-09),,,,
Andy Schuler,,,,,,,
Caroline Scruggs,,0000-0003-2840-0068,resolver: name + employer on the ORCID record (2026-10-09),,,,
Samuel Truett,,,,,,,
Thomas Turner,,0000-0002-2752-8302,resolver: name + employer on the ORCID record (2026-10-09),,,,
Jingjing Wang,,,,,,,
Alex Webster,,0000-0002-0908-4293,resolver: name + employer on the ORCID record (2026-10-09),,,,
Yvonne Munoz,,,,,,,
Mikayla Ranspot,,,,,,,
Niall Hanan,,,,,,,
Stephanie Bestelmeyer,,0009-0000-3545-1862,sole ORCID with this name; employer on the record checked by hand against the ARID site (2026-10-09),,,,"Asombro Institute. Not the same person as Brandon T. Bestelmeyer (Jornada), who is already in the catalogue."
Kathy Whiteman,,,,,,,
Sawssan Boufous,Susan Boufous,0000-0002-9258-1783,sole ORCID with this name; employer on the record checked by hand against the ARID site (2026-10-09),,,,Written 'Susan Boufous' on the FOR-NM page; her linked NMSU profile is sawssan-boufous.
Rae Devan,,0000-0002-4955-4181,sole ORCID with this name; employer on the record checked by hand against the ARID site (2026-10-09),,,,
Magda Garbowski,,0000-0002-5427-7916,sole ORCID with this name; employer on the record checked by hand against the ARID site (2026-10-09),,,,
Hatim Geli,,0000-0002-2079-4579,sole ORCID with this name; employer on the record checked by hand against the ARID site (2026-10-09),,,,
Eva Stricker,Eva Sticker,0000-0002-9742-3434,sole ORCID with this name; employer on the record checked by hand against the ARID site (2026-10-09),,,,Written 'Eva Sticker' on the FOR-NM page; her linked UNM Biology profile is stricker_eva.
Dan Krofcheck,,0000-0001-5549-7542,"sole ORCID with this name; record lists no employer, but its works match the UNM profile supplied by the project owner (2026-10-09)",,,https://biology.unm.edu/people/faculty/profile/krofcheck_dan-j.html,
Jake White,,,,,,,
Roberta Lavin,,0000-0001-6106-8066,sole ORCID with this name; employer on the record checked by hand against the ARID site (2026-10-09),,,,
Xi Gong,,,,,,,
Mary Pat Couig,,0000-0001-7786-8092,sole ORCID with this name; employer on the record checked by hand against the ARID site (2026-10-09),,,,
Peter Fawcett,,0000-0002-8133-9967,"sole ORCID with this name; record lists no employer, but its works match the UNM profile supplied by the project owner (2026-10-09)",,,https://artsci.unm.edu/college/staff-profiles/peter-fawcett.html,
Shuguang Leng,,,,,,,
Charles Wiggins,,,,,,,
Peng Mao,,,,,,,
Huining Kang,,0000-0002-4415-3573,sole ORCID with this name; employer on the record checked by hand against the ARID site (2026-10-09),,,,
Tamar Ginossar,,0000-0002-0136-6675,"sole ORCID with this name; record lists no employer, but its works match the UNM profile supplied by the project owner (2026-10-09)",,,https://isr.unm.edu/staff/tamar-ginossar.html,
Su Zhang,,,,,,,
Yiliang Zhu,,,,,,,
Christopher Lippitt,,0000-0001-7979-7857,sole ORCID with this name; employer on the record checked by hand against the ARID site (2026-10-09),,,,
Orrin Myers,,0000-0002-6291-2027,sole ORCID with this name; employer on the record checked by hand against the ARID site (2026-10-09),,,,
Kerstin Kalke,,,,,,,
Seth Newsome,,0000-0002-4534-1242,sole ORCID with this name; employer on the record checked by hand against the ARID site (2026-10-09),,,,
