key,canonical_name,acronym,parent_org,facility_type,url,hq_address,hq_lat,hq_lng,primary_sphere,secondary_spheres,relation,established,source_url,retrieved_at,confidence,notes
arid,Accelerating Resilience Innovations in Drylands (ARID Institute),ARID,University of New Mexico,university-institute,https://arid.unm.edu/,"University of New Mexico, Albuquerque, NM 87131, USA (campus-level point; the source names no building)",35.08663,-106.62021,arid,freshwater|terrestrial,self,2023,https://arid.unm.edu/,2026-10-09,high,UNM Category III center. 'grand opening in 2023' per https://arid.unm.edu/news/2025/12/the-arid-institute-welcomes-a-new-leader-at-unm.html. Themes on the site: Sustainable Water; Adaptive Infrastructures; Healthy Ecosystems; Community Health & Vitality.
bemp,Bosque Ecosystem Monitoring Program,BEMP,University of New Mexico,university-institute,https://bemp.org/,"University of New Mexico, Albuquerque, NM 87131, USA (campus-level point; the source names no building)",35.08663,-106.62021,terrestrial,freshwater,partner,,https://arid.unm.edu/contact1.html,2026-10-09,medium,Listed under 'Resources at UNM' on the ARID Resources Hub; named as a FOR-NM partner. bemp.org gives no street address on its home page.
cwe,Center for Water and the Environment,CWE,University of New Mexico,university-institute,https://cwe.unm.edu/,"University of New Mexico, Albuquerque, NM 87131, USA (campus-level point; the source names no building)",35.08663,-106.62021,freshwater,,partner,,https://arid.unm.edu/contact1.html,2026-10-09,medium,Listed under 'Resources at UNM' on the ARID Resources Hub.
chepp,Center for Health Equity: Planetary Health and Preparedness,,University of New Mexico College of Nursing,university-institute,https://hsc.unm.edu/nursing/research/center/,"College of Nursing, 2502 Marble Ave NE, Albuquerque, NM 87131, USA (Nursing and Pharmacy building, located via OpenStreetMap)",35.08999,-106.61709,,,partner,,https://arid.unm.edu/contact1.html,2026-10-09,medium,Listed under 'Resources at UNM' on the ARID Resources Hub.
metals,METALS Superfund Research Program,METALS,University of New Mexico College of Pharmacy,university-institute,https://hsc.unm.edu/pharmacy/research/areas/metals/,"UNM College of Pharmacy, 2502 Marble NE, Albuquerque, NM 87131, USA",35.08999,-106.61709,,,partner,,https://arid.unm.edu/contact1.html,2026-10-09,high,Listed under 'Resources at UNM' on the ARID Resources Hub. Address from the program page.
msb,Museum of Southwestern Biology,MSB,University of New Mexico,university-institute,http://www.msb.unm.edu/,"Museum of Southwestern Biology, 302 Yale Blvd NE, Albuquerque, NM 87131, USA",35.08319,-106.62185,terrestrial,freshwater,partner,,https://arid.unm.edu/contact1.html,2026-10-09,high,"Listed under 'Resources at UNM' on the ARID Resources Hub. Parent of Natural Heritage New Mexico, which runs EnviroData-NM."
mpp,Public Policy Program (Master of Public Policy),MPP,University of New Mexico,university-institute,https://mpp.unm.edu/index.html,"University of New Mexico, Albuquerque, NM 87131, USA (campus-level point; the source names no building)",35.08663,-106.62021,,,partner,,https://arid.unm.edu/contact1.html,2026-10-09,medium,Listed as 'Public Policy Program' under 'Resources at UNM' on the ARID Resources Hub.
sev,Sevilleta LTER,SEV,,,https://sevlter.unm.edu/,,,,,,partner,,https://arid.unm.edu/contact1.html,2026-10-09,high,Already in the catalogue; matched on acronym. Listed under 'Resources at UNM' and as an ARID project.
swefc,Southwest Environmental Finance Center,SWEFC,"University of New Mexico Department of Civil, Construction and Environmental Engineering",university-institute,https://swefc.unm.edu/home/,"Centennial Engineering Center, Suite 2041, 210 University Blvd NE, Albuquerque, NM 87131, USA",35.08327,-106.62582,,freshwater,partner,,https://arid.unm.edu/contact1.html,2026-10-09,high,Listed under 'Resources at UNM' on the ARID Resources Hub. Suite from the center's page; building located via OpenStreetMap.
sust,Sustainability Studies Program,SUST,University of New Mexico,university-institute,https://sust.unm.edu/,"University of New Mexico, Albuquerque, NM 87131, USA (campus-level point; the source names no building)",35.08663,-106.62021,,,partner,,https://arid.unm.edu/contact1.html,2026-10-09,medium,Listed under 'Resources at UNM' on the ARID Resources Hub.
utton,Utton Transboundary Resources Center,,University of New Mexico School of Law,university-institute,https://uttoncenter.unm.edu/,"UNM School of Law, Bratton Hall, 1117 Stanford Dr NE, Albuquerque, NM 87106, USA",35.09339,-106.61867,,freshwater,partner,,https://arid.unm.edu/contact1.html,2026-10-09,high,Listed as 'Utton Transboundary Research Center' on the ARID Resources Hub; the center's own site says 'Resources'.
wrp,Water Resources Program,WRP,University of New Mexico,university-institute,https://wrp.unm.edu/,"University of New Mexico, Albuquerque, NM 87131, USA (campus-level point; the source names no building)",35.08663,-106.62021,freshwater,,partner,,https://arid.unm.edu/contact1.html,2026-10-09,medium,Listed under 'Resources at UNM' on the ARID Resources Hub.
