project_id,name,acronym,parent_project_id,description,url,external_url,funding_text,extent_label,lat,lng,location_precision,team_sources,facility_links,source_url,retrieved_at,confidence,notes
arid-changes,Community Health Allied Network for Geospatial and Environmental Science (CHANGES) Research Center,CHANGES,,"Combines geographic information science, health data science, epidemiology and biomedical research to identify and predict gaps in health care, inform policy, and protect New Mexico communities from weather-related events and disasters.",https://arid.unm.edu/projects/changes/index.html,,,New Mexico,,,statewide,,,https://arid.unm.edu/projects/changes/index.html,2026-10-09,high,No funder or overall PI is named on the project page.
arid-changes-c-draps,"Extreme Weather, Natural Disasters and Impacts on Health Systems",C-DRAPS,arid-changes,"Prototype GIS-based Climate-Related Disasters Risk Assessment and Projection System (C-DRAPS) to access data, assess risk and project health outcomes for disaster-affected populations, with a focus on rural areas.",https://arid.unm.edu/projects/changes/index.html,,,New Mexico,,,statewide,"changes:Extreme Weather, Natural Disasters and Impacts on Health Systems",,https://arid.unm.edu/projects/changes/index.html,2026-10-09,high,
arid-changes-wildfire-smoke-cancer,Linking Wildfire Smoke to Cancer,,arid-changes,Links PM2.5 exposure estimates with cancer incidence and survival data to evaluate whether wildfire smoke contributes to cancer risk or poorer survival.,https://arid.unm.edu/projects/changes/index.html,,,New Mexico,,,statewide,changes:Linking Wildfire Smoke to Cancer,,https://arid.unm.edu/projects/changes/index.html,2026-10-09,high,
arid-changes-cec,CHANGES Community Engagement Core,CEC,arid-changes,"Builds capacity and partnerships through community-based participatory research: identifying community research priorities, co-developing communication strategies, and training in science communication and disaster preparedness.",https://arid.unm.edu/projects/changes/community-engagement-core/team.html,,,New Mexico,,,statewide,changes:The Community Engagement Core (CEC)|cec_team,,https://arid.unm.edu/projects/changes/community-engagement-core/team.html,2026-10-09,high,
arid-changes-data-core,CHANGES Data Core,DC,arid-changes,"Research infrastructure for data acquisition, processing, harmonization, analysis, synthesis, integration and dissemination across the CHANGES center.",https://arid.unm.edu/projects/changes/index.html,,,New Mexico,,,statewide,changes:The Data Core (DC),,https://arid.unm.edu/projects/changes/index.html,2026-10-09,high,
arid-changes-mora-san-miguel,CHANGES Community Engagement Work in Mora and San Miguel,,arid-changes-cec,Post-fire monitoring with communities downwind and downstream of the 2022 Hermit's Peak/Calf Canyon burn scar: a community air monitoring network and supplementary water-quality sampling for metals and organic compounds.,https://arid.unm.edu/projects/changes/community-engagement-core/projects.html,,,"Mora and San Miguel counties, New Mexico",35.97223,-104.91322,county,,,https://arid.unm.edu/projects/changes/community-engagement-core/projects.html,2026-10-09,medium,The point is the Mora County centroid (Nominatim); the work also covers San Miguel County. The page names no sites or team.
arid-changes-gc-airwise,GC-AirWise: Grant County Air Information and Research for a Well-Informed Society,GC-AirWise,arid-changes-cec,"Community-based air quality monitoring with the Gila Resource Information Project (GRIP): 11 particulate-matter sensors across Grant County, cameras near mine sites, and a public dashboard.",https://arid.unm.edu/projects/changes/community-engagement-core/projects.html,https://air-wise.org/,,"Grant County, New Mexico",32.75488,-108.36341,county,,,https://arid.unm.edu/projects/changes/community-engagement-core/projects.html,2026-10-09,medium,The point is the Grant County centroid (Nominatim); sensor locations are not published on the page. The page names no team.
arid-for-nm,FOR-NM: Forest Research for New Mexico Water and Carbon Management,FOR-NM,,"Quantifies trade-offs among ecosystem water, carbon and watershed management in New Mexico forests, with research, K-12 education, workforce development and administrative cores.",https://arid.unm.edu/projects/for-nm.html,,4-year NSF-ERISE RII award (as worded on the project page),"New Mexico (statewide); a collaboration between UNM, NMSU, WNMU, EMNRD, BEMP and Asombro",,,statewide,for_nm,bemp:partner,https://arid.unm.edu/projects/for-nm.html,2026-10-09,high,The page names no study sites or watersheds.
arid-decentralized-water,Decentralized Water and Wastewater Systems in Rural Areas,,,"Research on resilient, low-maintenance biofilm-based treatment (such as moving bed bioreactors) for small rural water and wastewater systems.",https://arid.unm.edu/projects/decentralized-water-and-wastewater-systems-in-rural-areas.html,,,Rural New Mexico,,,statewide,pi:Decentralized Water and Wastewater Systems in Rural Areas,,https://arid.unm.edu/projects/decentralized-water-and-wastewater-systems-in-rural-areas.html,2026-10-09,high,
arid-imw-transformation-network,The Intermountain West Transformation Network,TN,,"Partnership between UNM, seven other Western U.S. universities and more than 50 partner organizations on resilient headwaters, food-energy-water systems and governance across the Intermountain West.",https://arid.unm.edu/projects/the-intermountain-west-transformation-network.html,https://transformimw.unm.edu/,,Intermountain Western United States,,,regional,pi:The Intermountain West Transformation Network,,https://arid.unm.edu/projects/the-intermountain-west-transformation-network.html,2026-10-09,high,"The page lists 'Melinda Morgan and additional team members', linking https://transformimw.unm.edu/team-members/ for the rest."
arid-potable-reuse-perceptions,Public Perceptions of Potable Water Reuse,,,"Public survey with the water utility (n=4000, 46% response rate) of Albuquerque residents' knowledge of local water issues and perceptions of water reuse.",https://arid.unm.edu/projects/public-perceptions-of-potable-water-reuse.html,,,"Albuquerque water utility service area, New Mexico",35.0841,-106.65099,city,pi:Public Perceptions of Potable Water Reuse,,https://arid.unm.edu/projects/public-perceptions-of-potable-water-reuse.html,2026-10-09,high,"The point is the Albuquerque city centroid (Nominatim), standing in for the utility service area."
arid-sevilleta-lter,Sevilleta Long-Term Ecological Research Program,SEV LTER,,"Long-term study of how climate variability drives the dynamics of five dryland ecosystems, and the transitions among them, that converge at the Sevilleta National Wildlife Refuge.",https://arid.unm.edu/projects/sevilleta-long-term-ecological-research-program.html,https://sevlter.unm.edu/,,"Sevilleta National Wildlife Refuge, central New Mexico",34.30543,-106.68717,site,pi:Sevilleta Long-Term Ecological Research Program,sev:site,https://arid.unm.edu/projects/sevilleta-long-term-ecological-research-program.html,2026-10-09,high,The point is the refuge centroid (Nominatim).
