facility_id,canonical_name,state,method,distance_km
00f5062d2e15b9ba,Mauna Loa Observatory,HI,contains,
01a96329f25b0a20,Lake Barco NEON Site,FL,contains,
01b78db5c9938c34,USGS Canyonlands Research Station (Moab),UT,contains,
01ef51b8abf6f751,Beaufort Lagoon LTER,AK,contains,
024de417014c4567,Northern Gulf of Alaska LTER,AK,contains,
026a922e38c1c6a0,USGS Cooperative Water Program,VA,contains,
02a62062148246a9,North Carolina Sentinel Site,NC,contains,
04f90691c58f6420,University of Kansas Field Station NEON Site,KS,contains,
05140f1b9fc56d48,Blacks Mountain Experimental Forest,CA,contains,
05b7d2688701f5a4,South Pole Atmospheric Baseline Observatory,,unset,
062a60fa77fbac44,Jobos Bay NERR,PR,contains,
07019f2cab76fa4d,Great Basin LTAR,NV,contains,
0721ee34c493b990,DOE ARM North Slope of Alaska,AK,contains,
07a6f90011ac0705,Beaufort Lagoon Ecosystems LTER,TX,contains,
0846a1eb1faa5161,Jones Center at Ichauway,GA,contains,
084d7f39d7bf0630,"SERC, GCREW MarineGEO",MD,contains,
088693714db43c1d,Wind River Experimental Forest,WA,contains,
0924c3fe89bb1392,Long Island Sound Study NEP,NY,contains,
093f79bcf5273184,LeConte Creek NEON Site,TN,contains,
099f35eb7143a89d,Graduate School of Oceanography,RI,contains,
09a1a090f953ad9f,Harvard Forest LTER,MA,contains,
09c3395ece6bc11f,Healy NEON Site,AK,contains,
0a25dd431ffe13d7,Mirror Lake Long-Term Monitoring,NH,contains,
0a41fe688a0131fd,Lajas Experimental Station NEON Site,PR,contains,
0a8234c4b0396842,Niwot Ridge NEON Site,CO,contains,
0ac30d8999613919,Sapelo Island NERR,GA,contains,
0b0be2c69fde28f4,USDA Southeast Climate Hub,NC,contains,
0c4536359e28438d,NSIDC Utqiagvik (Barrow) Sea-Ice Mass Balance Site,AK,contains,
0cc368787cd559c3,SERC GCREW LTREB,MD,contains,
0d0a93d5d40fc23e,Marvin Klemme Range Research Station NEON Site,OK,contains,
0d6b1e55d4c3c23d,Albemarle-Pamlico National Estuary Partnership NEP,NC,contains,
10086fa6647815a9,Indian River Lagoon MarineGEO,FL,contains,
10694a61dc2bff96,Smithsonian Environmental Research Center,MD,contains,
10d821a3f74402d9,Lower Hop Brook NEON Site,MA,contains,
11660aa883209b2f,San Joaquin Experimental Range NEON Site,CA,contains,
11d662ff707dc12f,Everglades and Dry Tortugas Biosphere Reserve,FL,contains,
12b78a29f0d373e5,University of Kansas Field Station,KS,contains,
133669bb0f48f72a,Alaska Fisheries Science Center,WA,contains,
13fabad20c13115c,Caspar Creek Experimental Watershed,CA,contains,
14266d10573ca21f,Bondville AmeriFlux Tower,IL,contains,
146e9515733ddedd,Trinity Lake SNOTEL (Bonanza Creek vicinity),WA,contains,
1496a5fc3a668206,Florida Coast LTER,FL,contains,
14ad40e8ba25b41a,Paradise SNOTEL (Mount Rainier),WA,contains,
14fa1197ed4975e3,Peconic Estuary Program NEP,NY,contains,
158899c90de6138b,Center for Water and the Environment,NM,contains,
16094a3b3ff6d4d4,USDA Midwest Climate Hub,IA,contains,
1644aff2a9bbceb8,Trinidad Head Atmospheric Baseline Observatory,CA,contains,
18254d33b94ff086,"US Naval Research Laboratory, Stennis Space Center",MS,contains,
1918f09bdc225b02,Northwest Association of Networked Ocean Observing Systems,WA,contains,
1a5207b976e8fa5b,Howland Forest Main Tower,ME,contains,
1a8028552b3cd284,Casco Bay Estuary Partnership NEP,ME,contains,
1b1aa56be6c70b18,Yellowstone Biosphere Reserve,WY,contains,
1b1e2428f00be9a4,USGS Water Resources Division (historical),VA,contains,
1c26e9481f81e529,USGS National Streamflow Information Program,VA,contains,
1c669e4c303eec6c,Northwest Fisheries Science Center,WA,contains,
1ca0ee8b5874566d,Glacier Peak Snotel / Lyman Lake Snow Pillow,WA,contains,
1cf190cb0f984185,Wind River Experimental Forest NEON Site,WA,contains,
1da64df0fd7c426e,NPS-IM Sierra Nevada Network,CA,contains,
1ebdb6e51e3d1712,Lake Superior NERR,WI,contains,
1f319727bf002cbf,Posey Creek NEON Site,VA,contains,
20ccd0ab4b0dfc46,CASTNET Big Bend NP,TX,contains,
2126d3e79c7e6bc3,Lake Suggs NEON Site,FL,contains,
219860013136e6f7,Great Smoky Mountains National Park — Twin Creeks NEON Site,TN,contains,
21c354cce32aa829,Archbold-University of Florida Subtropical Agroecosystem LTAR,FL,contains,
21cd1a451847e669,Friday Harbor Laboratories,WA,contains,
221dc5acfd9e1938,iUTAH GAMUT Red Butte Creek Watershed Observatory,UT,contains,
22635b2757445a01,Silas Little Experimental Forest,NJ,contains,
2288d34487e5eff9,Toolik Lake NEON Site,AK,contains,
22defb4a3ee37d8a,San Francisco Bay NERR,CA,contains,
22fa57351fcba98a,Teakettle Experimental Forest,CA,contains,
2332ffb8a3de6d23,Blacktail Deer Creek NEON Site,WY,contains,
2414c736e626dbd8,TCCON Lamont,OK,contains,
24c3562a165bfbdc,Aleutian Islands Biosphere Reserve,AK,contains,
24cd3c19daa326ac,Northern Great Plains Research Laboratory (Mandan),ND,contains,
25271880949c0fb9,Northern Plains LTAR,ND,contains,
2556705b356302b7,East River Watershed Long-Term Critical Zone Observatory (LTREB),CO,contains,
288ac52b707d703d,Baltimore Ecosystem Study LTER,MD,contains,
28fa3f8f2689c950,Stellwagen Bank Marine Sanctuary,MA,nearest,21.4
293c8bab2ed269cc,Walnut Gulch Experimental Watershed LTAR,AZ,contains,
2a7fff258a20a88b,Lower Tombigbee–Alabama River Aquatic Resources Area,AL,contains,
2a944100a89af1e0,Sanborn Field,MO,contains,
2adc72ff42d9de08,Barnegat Bay Partnership NEP,NJ,contains,
2c7030c9ccb10319,"Denali National Park Long-Term Ecological Monitoring (Central Alaska Network, NPS-IM)",AK,contains,
2cc453376bcf3bb2,EPA Atlantic Coastal Environmental Sciences Division,RI,contains,
2d8e236b944fefb5,METALS Superfund Research Program,NM,contains,
2f7850be8404cb78,Long Term Soil Productivity (LTSP) Network — Chequamegon-Nicolet,WI,contains,
2f78b6edb5841f83,WLEF / Park Falls Tall Tower,WI,contains,
2fe9d95c0e0a7970,Schofield Pass SNOTEL,CO,contains,
2feacf8b13ab3ede,Sequoia and Kings Canyon Biosphere Reserve,CA,contains,
31397c3268f282b0,Arctic LTER (Toolik Field Station),AK,contains,
3188c59b9ea54609,Upper Mississippi River Basin LTAR,IA,contains,
3237f65cdaf37d07,Priest River Experimental Forest,ID,contains,
328d7e3da3dc3e9a,Mayfield Creek NEON Site,AL,contains,
330af0daf3a6dea2,Central Plains Experimental Range (USDA-ARS historic),WY,contains,
336d929993c6d51e,Barrow Atmospheric Baseline Observatory,AK,contains,
33d9cc3f89ec9a3a,Northeast U.S. Shelf LTER,MA,contains,
3469ffb3580cb811,Northeast Fisheries Science Center,MA,contains,
347afc985afeade9,Padilla Bay NERR,WA,contains,
348bc8da215bc2fb,Oak Ridge National Environmental Research Park,TN,contains,
35325c870700487f,Konza Prairie Biological Station — Agricultural NEON Site,KS,contains,
353361a587e66927,USGS National Land Imaging Program,SD,contains,
3728fefeb4efec3e,Little Rock Lake NEON Site,WI,contains,
37d40b3fb9fd1ed0,Atqasuk CALM and AmeriFlux Site,AK,contains,
3836c01b23513f95,Public Policy Program (Master of Public Policy),NM,contains,
39c749224b574218,California Current Ecosystem LTER,CA,contains,
3a04ddf73c1f42a9,Ordway-Swisher Biological Station NEON Site,FL,contains,
3aad99b4ad03a7fe,Museum of Southwestern Biology,NM,contains,
3ab1ad2750cf466d,Marvin Klemme Range Research Station,OK,contains,
3cce246f72e42148,Maryland Coastal Bays Program NEP,MD,contains,
3deb65e6a51a3a8d,McRae Creek NEON Site,OR,contains,
3e9450eeb3d41500,Hubbard Brook Watershed 6,NH,contains,
3e98815b872eae15,Jornada Experimental Range (USDA-ARS historic),NM,contains,
3ef8f8206b3af64b,Walnut Gulch #1 SCAN Station #2026,AZ,contains,
3f6a9d8c60eeed6d,National Data Buoy Center,MS,contains,
400dc6489947b445,Oak Ridge NEON Site,TN,contains,
402ccdf886fa609d,Coastal Bend Bays and Estuaries Program NEP,TX,contains,
40b6e6ea4fbbe95d,Magruder Plots,OK,contains,
423b19ae442d5ee2,Mid-Atlantic Regional Association Coastal Ocean Observing System,DE,contains,
427b0906a9107a87,NPS-IM Klamath Network,OR,contains,
440242ab387a8692,Southwest Environmental Finance Center,NM,contains,
4418839344b81009,Cape Lisburne Coast Guard / NSIDC Sea-Ice Observatory,AK,contains,
449b4b7b64e59122,Florida Coastal Everglades LTER,FL,contains,
449c081d421f2116,Elkhorn Slough NERR,CA,contains,
451bf9392571f9f4,Southeast Coastal Ocean Observing Regional Association,AL,contains,
4537975ff03130f4,Kings Creek NEON Site,KS,contains,
458e96ead560e429,San Francisco Estuary Partnership NEP,CA,contains,
45f7cd7960086931,Sustainability Studies Program,NM,contains,
46598db0265aaa38,North Inlet LTREB,SC,contains,
4851cdabf00d14dc,Woods Hole Oceanographic Institution,MA,contains,
48921a4314f79831,Hawaiʻi Institute of Marine Biology,HI,contains,
48a4a144e3ad245f,National Estuarine Research Reserve System,MD,contains,
4aaddb3518c2ee7a,Lower Chesapeake Bay LTAR,MD,contains,
4ac94e4e5da49682,North Carolina NERR,NC,contains,
4b897473a3d94b82,Northeast US Margin LTER,MA,nearest,56.2
4cc7f52b5d75691c,Mojave Global Change Facility (LTREB),NV,contains,
4de23dbb2d07376a,Mountain Lake Biological Station,VA,contains,
4e6f5356a20f5b36,Pacific Marine Environmental Laboratory,WA,contains,
4e7b0e4627ac44d6,Crampton Lake NEON Site,WI,contains,
4e957806b29ddb6a,Smithsonian Conservation Biology Institute NEON Site,VA,contains,
4fc4a5777ced0680,Cape Hatteras National Seashore,NC,contains,
502e60e5b0c4af02,Yellowstone National Park — Long-Term Ecological Monitoring,WY,contains,
50642bf3064308c8,Northern Gulf of Alaska LTER,AK,nearest,75.2
5168181cc7acfbfe,National Sea Grant College Program,MD,contains,
5173db142db727f4,Swan's Island LTREB,ME,contains,
51c32701dfecabd8,Lemon Creek Glacier,AK,contains,
53c5bb60afd13bc5,Kings River Experimental Watersheds,CA,contains,
5617ed506cffb7ed,Niwot Ridge LTER Cryosphere Instrumentation,CO,contains,
56cff1989b383810,USGS Gauge 11447650 — Sacramento River at Freeport CA,CA,contains,
574cf369e9673297,Pringle Creek NEON Site,TX,contains,
575fa84330e60c4b,Kachemak Bay NERR,AK,contains,
581719b5d39091b8,National Centers for Coastal Ocean Science,MD,contains,
5a18bae1d57059c3,Konza Prairie Biological Station LTER,KS,contains,
5b42961d12b531c3,Hatfield Marine Science Center,OR,contains,
5b65db8911254b45,Flint River NEON Site,GA,contains,
5cf69fb62a88c72d,Rocky Mountain Biological Laboratory,CO,contains,
5d2a691e96528f5a,Reynolds Creek Experimental Watershed (USDA-ARS historic),ID,contains,
5d3194ffda147bcd,USACE Field Research Facility,NC,contains,
5d6f7aa386e6bc14,Red Butte Creek NEON Site,UT,contains,
5da8e0cad0447427,Cape Cod National Seashore,MA,contains,
5de9823112ea12f6,Harvard Forest EMS Tower,MA,contains,
5e4bb7d8bb451165,Gulf Atlantic Coastal Plain LTAR,GA,contains,
5f19761c0bf6790a,Teakettle Creek NEON Site,CA,contains,
5fc1a507400ba06a,AmeriFlux Morgan Monroe State Forest,IN,contains,
60a71d9c93a2e73c,Upper Big Creek NEON Site,CA,contains,
60b207be7ae33ad2,Utqiaġvik (Barrow Environmental Observatory) NEON Site,AK,contains,
6194234d37cd0794,Ordway-Swisher Biological Station,FL,contains,
61a9aa220ee432e7,Santa Rita Experimental Range,AZ,contains,
62146bf18c9e143b,Southern Plains LTAR,OK,contains,
622fb44dae141c45,Fraser Experimental Forest Snow Research Site,CO,contains,
631d1b1f92e90f44,NASA Wallops Flight Facility,VA,contains,
635f591cbec25914,Jornada Basin LTER,NM,contains,
63ffcec39b42f791,Great Smoky Mountains National Park (Twin Creeks Science and Education Center),TN,contains,
659db848c8224d61,Bodega Marine Laboratory,CA,contains,
66f1d62297060297,NPS-IM Northeast Temperate Network,ME,contains,
671c4cab3a1580d0,Onaqui NEON Site,UT,contains,
682babf9e6b9ee22,Jacques Cousteau NERR,NJ,contains,
68a6153f87c004c8,Atlantic Oceanographic and Meteorological Laboratory,FL,contains,
68f6abc93d4b435e,Central and Northern California Ocean Observing System,CA,contains,
694f72e231a5b4d9,Lyndon B. Johnson National Grassland,TX,contains,
6966c758bebef0f1,Atigun Pass SNOTEL,AK,contains,
6aa3e3a88696247f,Tampa Bay Estuary Program NEP,FL,contains,
6ac91b6b17e1d399,Como Creek NEON Site,CO,contains,
6ad02ae32697c15e,Marine Biological Laboratory,MA,contains,
6b49d19b5accaf76,Piscataqua Region Estuaries Partnership NEP,NH,contains,
6b8f4ab20b0c821d,Adams Ranch SCAN Station #2001,NM,contains,
6bf46c6d33f5967b,Sycamore Creek Long-Term Stream-Ecology Site (ASU),AZ,contains,
6c1c08ecf5c58f40,Ocean Observatories Initiative,MA,contains,
6d12d198b0dd92d5,GLEON Lake Sunapee,NH,contains,
6d6ffba21e24b77d,Tillamook Estuaries Partnership NEP,OR,contains,
6d7e943efab25fe1,Virginia Institute of Marine Science,VA,contains,
6fa9e6e6a2bb24ad,New York-New Jersey Harbor Estuary Program NEP,NY,contains,
6fd843db3efb1f34,Morrow Plots Long-Term Experiment,IL,contains,
6fe0a0ddb26081bd,UC Bodega Marine Reserve,CA,contains,
7093fa0b85064a20,Manitou Experimental Forest,CO,contains,
7145d25c09b53530,Bent Creek Experimental Forest,NC,contains,
714c66db72565768,Moorea Coral Reef LTER,CA,contains,
71923b1b17ed7d00,NOAA Office for Coastal Management,SC,contains,
73064357573f7339,USDA Pacific Islands Climate Hub,HI,contains,
73658bb79f646edf,Niwot Ridge Forest Tower,CO,contains,
73f6c5479cd6dc9e,South Cascade Glacier,WA,contains,
7512cf5fb679f50c,Hakalau Forest National Wildlife Refuge,HI,contains,
772231b93822a636,USGS WEBB Loch Vale Watershed,CO,contains,
783bfab4c758857f,Fort Keogh Livestock and Range Research Laboratory (USDA-ARS historic),MT,contains,
78f12f42680bf472,USGS Hydrologic Benchmark Network,VA,contains,
7921395351f74974,Dead Lake NEON Site,AL,contains,
7924e081e8ad8d68,Water Resources Program,NM,contains,
7b551249dcfba4fa,USDA-ARS Subarctic Agricultural Research Unit (Fairbanks),AK,contains,
7bb765b19ea9ee16,Abby Road NEON Site,WA,contains,
7ccb227e00b48eb6,"Rosenstiel School of Marine, Atmospheric, and Earth Science",FL,contains,
7ddbc5ef577648ee,Great Bay NERR,NH,contains,
7df25b0304d189e5,U.S. Integrated Ocean Observing System Program Office,MD,contains,
7f58e43ae4e247bf,USGS Gauge 09380000 — Colorado River at Lees Ferry AZ,AZ,contains,
7f64827854c9c9ce,Hayden Pass SNOTEL,WY,contains,
7f83eaa9c683b075,Northern Great Plains Research Laboratory NEON Site,ND,contains,
7fd58ccc7effab1d,NASA Goddard Space Flight Center — Ocean Biology Processing Group,MD,contains,
8099ea512105c1f2,Lenoir Landing NEON Site,AL,contains,
80edf691ec74a1ad,Wells NERR,ME,contains,
8147036178a026cb,University of Michigan Biological Station,MI,contains,
819e01f29b243d50,NADP H.J. Andrews NTN site,OR,contains,
840d073e4144b14f,NADP Konza Prairie NTN site,KS,contains,
84bcc3299702e49a,University of Notre Dame Environmental Research Center NEON Site,MI,contains,
84d0739f9114da35,Bigelow Laboratory for Ocean Sciences,ME,contains,
84f4cf9530192cd8,University of the Virgin Islands — Center for Marine and Environmental Studies,VI,contains,
857ab02255cf1f50,Southwest Fisheries Science Center,CA,contains,
85bf4933896fba60,Delta Junction NEON Site,AK,contains,
85c3b53e9ef95bd1,Glacier Lakes Ecosystem Experiments Site,WY,contains,
8678c2ba3cde5ecc,Center for Health Equity: Planetary Health and Preparedness,NM,contains,
86a7950bfb468980,USDA Caribbean Climate Hub,PR,contains,
87060897fb64eb4c,Martha Creek NEON Site,WA,contains,
8738c77246dbdefa,Río Guilarte NEON Site,PR,contains,
876712c562877290,Talladega National Forest,AL,contains,
885e59f7b4a660c3,Hawaiian Islands Sentinel Site,HI,contains,
88a71bec0521cfdb,Apalachicola NERR,FL,contains,
8a4f2b5f9f76fb1d,Blandy Experimental Farm NEON Site,VA,contains,
8a9f792df16585ec,Point Reyes National Seashore,CA,contains,
8aa0271cc640c781,USDA Northwest Climate Hub,OR,contains,
8ae383aa534d8fe9,Georgia Coast LTER,GA,contains,
8b17ffd2b418fb60,West Falmouth Harbor LTREB,MA,contains,
8b261cc2b72e679e,Niwot SNOTEL,CO,contains,
8b615e3993ca3439,Accelerating Resilience Innovations in Drylands (ARID Institute),NM,contains,
8b91f78cdc556120,Hopkins Marine Station,CA,contains,
8ba608dc2d9da6fe,Monterey Bay Aquarium Research Institute,CA,contains,
8cb1dfe4421dcd93,Sarasota Bay Estuary Program NEP,FL,contains,
8ef9ffb2262d2832,Massachusetts Bays National Estuary Program,MA,contains,
8f8d330f29b26e8b,NADP Hubbard Brook NTN site,NH,contains,
8f8db306000bd353,Waquoit Bay NERR,MA,contains,
9031dc2565299778,Toolik Field Station,AK,contains,
90ef380a78f0b7cd,McDiffett Creek NEON Site,KS,contains,
91e2d1b8c47d7016,Jones Center at Ichauway NEON Site,GA,contains,
92c3a14e84367d13,NOAA National Centers for Environmental Information,NC,contains,
9335a5d5ee8fc58a,Harvard Forest & Quabbin Watershed NEON Site,MA,contains,
94690a2c94717f62,Jornada Experimental Range NEON Site,NM,contains,
94c7596a50a45064,Jornada Experimental Range LTAR,NM,contains,
958fefd76c3e1ad2,Independence Mine SNOTEL,AK,contains,
960fc51b86672cc2,Grand Bay NERR,MS,contains,
96e8914dc5bde58c,Mammoth Cave SCAN Station #2031,KY,contains,
9937f684d17a99a3,USGS Northeast Climate Adaptation Science Center,MA,contains,
998e60a6afe62d55,Archbold Biological Station,FL,contains,
99988c194cd66757,Crossroads SCAN Station #2003,NM,contains,
99abeaaed73bfb99,Indian River Lagoon National Estuary Program,FL,contains,
99f860ba1dafeb1a,Sycamore Creek NEON Site,AZ,contains,
9a2c24665ad5ae1b,Prairie Lake NEON Site,ND,contains,
9b4911f8fe1a9ebd,Delaware NERR,DE,contains,
9b7758a08f12bd51,Reynolds Creek SCAN Station #2037,ID,contains,
9ba7a35749487194,Senator Beck Basin Study Area (CSAS),CO,contains,
9cdd35072d22f558,USDA Northern Plains Climate Hub,CO,contains,
9d4583c180914ac0,Narragansett Bay Estuary Program NEP,RI,contains,
9d9f2d2e39b4bdf7,Soaproot Saddle NEON Site,CA,contains,
9da42bebc8bd9817,Walker Branch NEON Site,TN,contains,
9ddcb1de9b747a64,H.J. Andrews Experimental Forest,OR,contains,
9e331afaa2ea7a45,Bushland #2 SCAN Station #2002,TX,contains,
9e98cdc61304080a,Marcell Experimental Forest,MN,contains,
9eeb73ceaa021d4b,Fernow Experimental Forest,WV,contains,
9fbc07f2b4cc4440,AmeriFlux Metolius Mature Pine,OR,contains,
9fc643c167a5b47e,Glacier Biosphere Reserve,MT,contains,
9fcf4b7ae4943c08,Moab NEON Site,UT,contains,
9fe52abe466eb473,Mammoth Pass SNOTEL,CA,contains,
a02ea62e175196ea,Kellogg Biological Station LTAR,MI,contains,
a0e7e3bd6cc7d170,USACE ERDC Coastal and Hydraulics Laboratory,MS,contains,
a117f1d707ec8e0e,West St Louis Creek NEON Site,CO,contains,
a20ddd52546a3e50,Gulf of Mexico Coastal Ocean Observing System,TX,contains,
a2350b2f5f6fce16,Eastern Corn Belt LTAR,IN,contains,
a3250b6ee5b1e18e,Santa Barbara Coastal LTER,CA,contains,
a3c911549a4f779f,Caribou Creek NEON Site,AK,contains,
a3df950de95bd5e8,Lower Columbia Estuary Partnership NEP,OR,contains,
a3e262213d4f81fa,Coweeta Hydrologic Laboratory,NC,contains,
a4246cc563eddd28,USGS Alaska Climate Adaptation Science Center,AK,contains,
a4d3f1420a979a34,Patuxent Research Refuge / Bird Banding Lab,MD,contains,
a544d4c9afd35a9e,Southern California Coastal Ocean Observing System,CA,contains,
a5e14adead5ebf35,Sagehen Creek Experimental Forest,CA,contains,
a6afec3bc9f042dd,EPA National Lakes Assessment,DC,contains,
a7b7e13fcc767989,San Joaquin Experimental Range,CA,contains,
a90fce0f33af9666,ACE Basin NERR,SC,contains,
a988f8632779ca2a,NOAA Great Lakes Environmental Research Laboratory,MI,contains,
a9d8c9b1238f55ee,Walker Branch Watershed Long-Term Hydrologic Station,TN,contains,
a9ecb42cfd223881,USGS Galbraith Lake Permafrost Borehole,AK,contains,
aac8ba40aec1a15b,Disney Wilderness Preserve NEON Site,FL,contains,
abeeac6c6f195705,Big Bend Biosphere Reserve,TX,contains,
acfc1994d0e6cc5e,Guana Tolomato Matanza NERR,FL,contains,
ae0beda05f19885a,USGS WEBB Trout Lake,WI,contains,
afb21dfd91a94e19,Woods Hole Coastal and Marine Science Center,MA,contains,
b00a4815cc4a2052,San Dimas Experimental Forest,CA,contains,
b186ccd53158c323,Northeastern Regional Association of Coastal Ocean Observing Systems,ME,contains,
b18d4e304929d1f3,Partnership for the Delaware Estuary NEP,DE,contains,
b1f7e808427c9d4e,USDA Northern Forests Climate Hub,WI,contains,
b2959b33183bb2ad,USDA-ARS Grazinglands Research Laboratory (El Reno),OK,contains,
b38889c610495c68,Brooks Lake SNOTEL,WY,contains,
b3c4acfee79eb573,Virginia Coast LTER,VA,contains,
b3f1243490ad6006,U.S. Sheep Experiment Station,ID,contains,
b4519c13bf6c6b9d,Chesapeake Bay Maryland NERR,MD,contains,
b4769ffb0e4ad961,UPR-Mayagüez Department of Marine Sciences,PR,contains,
b4ded84f38132c38,American Samoa Atmospheric Baseline Observatory,AS,contains,
b4f94112283a2cf0,Rocky Mountain National Park,CO,contains,
b5ba4ac41401a0b9,Tijuana River NERR,CA,contains,
b606cca5ffa380be,Scripps Institution of Oceanography,CA,contains,
b6ad40b6cd18f42e,California Current LTER,CA,nearest,72.9
b788579911302211,Texas Gulf LTAR,TX,contains,
b8ccea8b26e17e45,Lewis Run NEON Site,VA,contains,
b8e52cf34fcab452,Cold Regions Research and Engineering Laboratory,NH,contains,
b925359d8a98761d,Mallows Bay-Potomac River Marine Sanctuary,MD,contains,
b93f51cc632277b0,Plum Island LTER,MA,contains,
b989d5d297c3dec3,Rookery Bay NERR,FL,contains,
ba14031ce27e1f5f,Santa Rita Experimental Range NEON Site,AZ,contains,
ba142b5a41924843,University of Notre Dame Environmental Research Center,MI,contains,
bac04166eed0e918,USDA Southwest Climate Hub,NM,contains,
bb2539d13dcb2865,Cedar Creek Ecosystem Science Reserve LTER,MN,contains,
bbc97a5cdbf6b247,USGS WEBB Sleepers River Research Watershed,VT,contains,
bca915b76f348a7f,Penobscot Experimental Forest,ME,contains,
bdb7de909d79f11c,EPA Great Lakes National Program Office,IL,contains,
be89811018d4119f,Sevilleta LTER,NM,contains,
be8b6d44ff832f25,Woodworth NEON Site,ND,contains,
bed592638b95b7e5,Plum Island Ecosystems LTER,MA,contains,
bee394d91ac8cc15,Toolik Field Station NEON Site,AK,contains,
bf2c2c67551f218f,Mission Aransas NERR,TX,contains,
bf3bb82a3fe0b5fe,Howland Forest Research Site,ME,contains,
c11080f46fb910cf,USGS Gauge 14191000 — Willamette River at Salem OR,OR,contains,
c188a32db6d27473,Prairie Pothole NEON Site,ND,contains,
c19eea5e35c4ff35,Barataria-Terrebonne National Estuary Program,LA,contains,
c1b0708dda943534,Buzzards Bay National Estuary Program,MA,contains,
c26df9328bd0cdeb,AERONET GSFC,MD,contains,
c2767c8d8393da9c,Yellowstone National Park — Northern Range NEON Site,WY,contains,
c2777e772491be5e,Nunn #1 SCAN Station #2017,CO,contains,
c3649e50f58ab3c2,NPS-IM Greater Yellowstone Network,MT,contains,
c42a82d1eef0f701,North Inlet-Winyah Bay NERR,SC,contains,
c48616d33f3858df,Lower Mississippi River Basin LTAR,MS,contains,
c4b1e9a1bb8a38af,Arikaree River NEON Site,CO,contains,
c54df27d3d5ff656,San Francisco Bay MarineGEO,CA,contains,
c60b7b86dd2bc6ae,Utton Transboundary Resources Center,NM,contains,
c6dacbae194cda38,Central Plains Experimental Range LTAR,CO,contains,
c6e0e1eea64feb52,Mountain Lake Biological Station NEON Site,VA,contains,
c74c7d56771332b7,Walnut Gulch Experimental Watershed (USDA-ARS historic),AZ,contains,
c76e48bd8b801228,Platte River-High Plains Aquifer LTAR,NE,contains,
c77f265f303e27f7,University of Wisconsin–Madison Trout Lake Station,WI,contains,
c8a214243eb16597,Puget Sound Partnership NEP,WA,contains,
c8a6589def6b6865,Goodwell #2 SCAN Station #2034,OK,contains,
c8f0ec54accbd4fd,Georgia Coastal Ecosystems LTER,GA,contains,
c987433cec4502fa,Dauphin Island Sea Lab,AL,contains,
c9c6536a9b20e89c,St. Petersburg Coastal and Marine Science Center,FL,contains,
c9e8bbd26f35616d,Caribbean Coastal Ocean Observing System,PR,contains,
ca0d02e2340450db,Smithsonian Conservation Biology Institute,VA,contains,
ca47109d352ad2d8,Little River SCAN Station #2009,GA,contains,
ca8eddbef5f313a1,Monterey Bay Aquarium,CA,contains,
cbf8ad27d362e134,Caribou-Poker Creeks Research Watershed (Bonanza Creek) NEON Site,AK,contains,
cc181c7953452ffc,Gulf Coast MarineGEO,TX,contains,
ccfca44c27995cea,Monitor Marine Sanctuary,NC,nearest,20.5
cd70593449cf3e0d,Central Plains Experimental Range NEON Site,CO,contains,
cec881f4e0ea76bf,Reynolds Creek Experimental Watershed LTAR,ID,contains,
cf175bec84439fdb,Skidaway Institute of Oceanography,GA,contains,
cf34f3708423a759,SURFRAD Bondville,IL,contains,
cf68012de3b948de,Florida Keys Marine Sanctuary,FL,nearest,13.2
cf95e8f78a8958e0,AmeriFlux Vaira Ranch,CA,contains,
cfd1ef878db8842f,Palmer Station LTER,,unset,
d0610f75079d17ae,Minneapolis-St Paul Urban LTER,MN,contains,
d0c73a05032034a7,NOAA Center for Operational Oceanographic Products and Services,MD,contains,
d1f3bc5d2ac35942,Pacific Coastal and Marine Science Center,CA,contains,
d205750ea2ceee61,Bartlett Experimental Forest,NH,contains,
d2beef812eb53bc7,He'eia NERR,HI,contains,
d2d962156f88888d,Chesapeake Bay Virginia NERR,VA,contains,
d3ae265dcba29674,Juneau Icefield Camp 10 (Camp Lake Linda),AK,contains,
d3b581d212824656,USGS Gauge 01400500 — Raritan River at Manville NJ,NJ,contains,
d4111f5729db974a,Aransas National Wildlife Refuge,TX,contains,
d496b627e9b19adb,Mead UNL Carbon Sequestration / NEB Eddy-Flux Site,NE,contains,
d4ddc27ae41148c3,USGS National Climate Adaptation Science Center,VA,contains,
d501f5c20c88d880,Northern Prairie Wildlife Research Center,ND,contains,
d6fced94e6dc69bc,Gulkana Glacier,AK,contains,
d752f899a8130021,Powder Mill SCAN Station #2027,MD,contains,
d7848bb1d531d7d1,McMurdo Dry Valleys LTER,,unset,
d8e10a908168815c,North Temperate Lakes LTER,WI,contains,
d9397e8252cd8036,Oksrukuyik Creek NEON Site,AK,contains,
d9a4f706806d1494,Blue River NEON Site,OK,contains,
d9bad8026c38e336,Morro Bay National Estuary Program,CA,contains,
db36727508052028,Mobile Bay National Estuary Program,AL,contains,
db737b212afb72fd,Sabana Field Research Station — Sabana Experimental Forest,PR,contains,
dc2a1453a99afd48,Santee Experimental Forest,SC,contains,
dd3095175b685662,Pacific Islands Fisheries Science Center,HI,contains,
dd32c151b310b8ae,Narragansett Bay NERR,RI,contains,
debbe06b574422c2,Alaska Ocean Observing System,AK,contains,
ded7324eac793a0a,USDA Southern Plains Climate Hub,OK,contains,
def3b244cd0760d1,Calhoun Experimental Forest,SC,contains,
def52201a4873868,Weeks Bay NERR,AL,contains,
def9781c74528786,Bosque Estatal de Guánica (Guánica State Forest),PR,contains,
df254973e6b80cf4,Cullars Rotation,AL,contains,
df62a44abf172c10,Gray's Reef Marine Sanctuary,GA,nearest,26.2
dfdbac62dd48b986,Luquillo Experimental Forest,PR,contains,
e0c0478a89902693,Central Mississippi River Basin LTAR,MO,contains,
e0daf19ba338d7c9,R.J. Cook Agronomy Farm LTAR,WA,contains,
e133deaf60dd7db1,Southeast Fisheries Science Center,FL,contains,
e1a7385483473434,Galveston Bay Estuary Program NEP,TX,contains,
e26cfe5b1131c69e,Bonanza Creek LTER Caribou-Poker Creeks Permafrost Sites,AK,contains,
e2f4712cb22232da,Pu'u Maka'ala Natural Area Reserve NEON Site,HI,contains,
e382a7de32a95cc9,Rocky Mountain National Park — CASTNET NEON Site,CO,contains,
e3c3a9abcc148e9a,Imnavait Creek Tussock-Tundra Watershed,AK,contains,
e588b74d29fe8c36,Santa Monica Bay National Estuary Program,CA,contains,
e712888ea173531c,Eastern Oregon Agricultural Research Center,OR,contains,
e91ffce7b94d8978,UC White Mountain Research Center,CA,contains,
e92b951bab3583f3,Hawaiian Islands Biosphere Reserve,HI,contains,
e9c76e4040d836f4,Upper Chesapeake Bay LTAR,PA,contains,
e9f1a24fff5ee366,DOE ARM Southern Great Plains Central Facility,OK,contains,
ec2749fb7967266e,North Sterling NEON Site,CO,contains,
ec5c32126ce47483,Delaware Center for the Inland Bays NEP,DE,contains,
ec8a0c9101241645,Olympic Biosphere Reserve,WA,contains,
ecc94919a0543d2b,Blandy Experimental Farm / State Arboretum of Virginia,VA,contains,
ed4550ae033fdbc9,Río Cupeyes NEON Site,PR,contains,
edf86b727b023da0,Cottonwood Lake Study Area,ND,contains,
ee98ac1a90620cf5,Virginia Coast Reserve LTER,VA,contains,
ef2896007dd30d2c,Sperry Glacier,MT,contains,
f01f6bcc9502e905,Hudson River NERR,NY,contains,
f04cb9aa1708ed19,Mahantango Creek SCAN Station #2030,PA,contains,
f0adb115570b84eb,Barrow Permafrost Observatory (Utqiagvik),AK,contains,
f132d925c3b40f4f,Steigerwaldt-Chequamegon NEON Site,WI,contains,
f16c0b7401a72b61,South Slough NERR,OR,contains,
f2a5e9e3d2aa52cf,Lyndon B. Johnson National Grassland NEON Site,TX,contains,
f2c12f6cc924f41c,IMPROVE Acadia NP,ME,contains,
f2dfa30f0871b59d,Treehaven NEON Site,WI,contains,
f325c8b6799d34c9,Dakota Coteau Field Site NEON Site,ND,contains,
f3aa90613c5ce294,NPS-IM Sonoran Desert Network,AZ,contains,
f3b0aeaaad49f40f,Lower Teakettle NEON Site,CA,contains,
f3dc8e9fd191fa82,Old Rotation,AL,contains,
f440750fc002e532,Great Basin Experimental Range,UT,contains,
f5cd4ab745f61417,USDA Northeast Climate Hub,MD,contains,
f668c822976512fe,Old Woman Creek NERR,OH,contains,
f70c698fb5ee353a,Mote Marine Laboratory and Aquarium,FL,contains,
f7668cd467f82025,Talladega National Forest NEON Site,AL,contains,
f7b9e6a10daa22bb,Pacific Islands Ocean Observing System,HI,contains,
f84b3487ac36c0b1,Central Arizona-Phoenix LTER,AZ,contains,
f858cc0d008257c3,San Juan Bay Estuary Program,PR,contains,
f902cea5ea327c3d,Bosque Ecosystem Monitoring Program,NM,contains,
fa991f06e2f5fcec,Fort Keogh Livestock and Range Research Laboratory,MT,contains,
fab411b2258d63a5,USGS Great Lakes Science Center,MI,contains,
fd4aba50b1f49207,Guánica Forest NEON Site,PR,contains,
fd948907a55e5aa0,Disney Wilderness Preserve,FL,contains,
fd9ecd99bb3408d6,Wolverine Glacier,AK,contains,
fe150287423eeeb2,Chesapeake Bay Sentinel Site,VA,contains,
fe2e61c787c0d2d7,USGS Gauge 06190500 — Yellowstone River at Corwin Springs MT,MT,contains,
fe678f45b43083ff,Smithsonian Marine Station at Fort Pierce,FL,contains,
ff8b187e3f21122a,Lower Tombigbee River NEON Site,AL,contains,
