person_id,name,decision,orcid,candidates,score,match_org,match_facility
306c614e961b8c15,Aileen S. Lee,no-employment-match,,3,,,
464fef7395780998,Aitza Pabón Valentin,no-candidates,,0,,,
2dc860bdd941cbf8,Alain Vézina,no-candidates,,0,,,
6f64a8c2116cd3a2,Alex Harper,no-employment-match,,10,,,
52a599a3f1287668,Alex Parker,no-employment-match,,10,,,
306c614e961b8c15,Aileen S. Lee,no-employment-match,,3,,,
464fef7395780998,Aitza Pabón Valentin,no-candidates,,0,,,
2dc860bdd941cbf8,Alain Vézina,no-candidates,,0,,,
6f64a8c2116cd3a2,Alex Harper,no-employment-match,,10,,,
52a599a3f1287668,Alex Parker,no-employment-match,,10,,,
850275cf8f283033,Alex Reed,no-employment-match,,10,,,
235faeb56074fe7a,Alison Brizius,no-candidates,,0,,,
596d8556863d0a13,Amy Van Blarcom-Lackey,no-candidates,,0,,,
dde1dbe623025aa0,Andrea C. Alfaro,no-employment-match,,10,,,
4c0ca62fb1ded187,Andrea Habeck,no-candidates,,0,,,
b0310e7bdaa70df8,Andrew McGowan,no-employment-match,,8,,,
495ac472743b98ba,Andrew Thomson,no-employment-match,,10,,,
306c614e961b8c15,Aileen S. Lee,no-employment-match,,3,,,
464fef7395780998,Aitza Pabón Valentin,no-candidates,,0,,,
6f64a8c2116cd3a2,Alex Harper,no-employment-match,,10,,,
850275cf8f283033,Alex Reed,no-employment-match,,10,,,
235faeb56074fe7a,Alison Brizius,no-candidates,,0,,,
596d8556863d0a13,Amy Van Blarcom-Lackey,no-candidates,,0,,,
dde1dbe623025aa0,Andrea C. Alfaro,no-employment-match,,10,,,
4c0ca62fb1ded187,Andrea Habeck,no-candidates,,0,,,
b0310e7bdaa70df8,Andrew McGowan,no-employment-match,,8,,,
495ac472743b98ba,Andrew Thomson,no-employment-match,,10,,,
bbdccc43f66c9d35,Angela Underwood,no-candidates,,0,,,
9cd3a412f030b098,Ann Kitajima,no-candidates,,0,,,
cc64ddde7aba6063,Anne Altman,no-candidates,,0,,,
7518454db0af29ec,Anne Giblin,no-employment-match,,1,,,
51bd0564be322dfb,Anne M. Vogel,no-employment-match,,7,,,
d6170b24822e7a87,Antje Boetius,accept,0000-0003-2117-4176,1,1.0,MBARI,MBARI
4ac7d551052f7632,Antonio Saldívar Moreno,no-employment-match,,10,,,
1d50ea29f58a9367,Augusto César Crespi Abril,no-employment-match,,3,,,
e6f7a86fd90b5242,Ayesha Gray,no-employment-match,,1,,,
c15f16afa2789b8a,Bob Cowen,no-candidates,,0,,,
275d7e7beb3f0116,Bob Miller,no-employment-match,,7,,,
71bbf28ec2419cf2,Brita J. Jessen,no-employment-match,,1,,,
c3b93845ce50b80a,Caitlin Chaffee,no-employment-match,,1,,,
9b738567dbc65f91,Caitlin Sweeney,no-employment-match,,1,,,
ef7eb34bf790b160,Carlos Zúñiga,no-employment-match,,10,,,
52b0511cd8692bed,Chad Nelsen,no-candidates,,0,,,
e2105df56d062d8f,Chris Bridger,no-candidates,,0,,,
a6c84e638433f036,Chris Peregrin,no-candidates,,0,,,
f7c6a5010baff0de,Christofer Boggs,no-candidates,,0,,,
cb9cda94845ee30c,Christophe Tulou,no-candidates,,0,,,
9766065cdd1458df,Clarissa Anderson,no-employment-match,,2,,,
5a40a871746aa17c,Clark Alexander,no-employment-match,,2,,,
c4578832400f873c,Cory Riley,no-employment-match,,2,,,
67bc0d980bf618fc,Curtis Bohlen,no-candidates,,0,,,
1e7381f2cdfe433c,Cyrus M. Western,no-candidates,,0,,,
d7863809155bf28a,Dale Webber,no-employment-match,,1,,,
5b719947c145e31b,Dave Feliz,no-candidates,,0,,,
3b07eb00881df742,Dave Hallac,no-candidates,,0,,,
065ae200269c6713,David Burke,no-employment-match,,10,,,
bb8bbfd4b455762c,David Pierce,no-employment-match,,10,,,
0db40abeb316411d,Dawn Buckingham,no-candidates,,0,,,
9edcb400387ce56b,Deb Kelley,no-employment-match,,2,,,
5e43a12a1f02e13e,Deborah Bronk,no-employment-match,,1,,,
4a96dc22215f09f3,Debra Hernandez,no-employment-match,,2,,,
02faaf0b04ad8764,Deke Arndt,no-candidates,,0,,,
8ecea07573485a48,Derek Aday,no-candidates,,0,,,
bb88fde15914534c,Duane De Freese,no-candidates,,0,,,
f778e750190e040d,Ed Sherwood,accept,0000-0001-5330-302X,5,0.926,Tampa Bay Estuary Program,Tampa Bay Estuary Program NEP
eec2bdfd29799ef2,Elaine Placido,no-candidates,,0,,,
9eb8854506590fc6,Emily Stanley,no-employment-match,,3,,,
306c614e961b8c15,Aileen S. Lee,no-employment-match,,28,,,
464fef7395780998,Aitza Pabón Valentin,no-employment-match,,25,,,
2dc860bdd941cbf8,Alain Vézina,no-employment-match,,25,,,
6f64a8c2116cd3a2,Alex Harper,no-employment-match,,16,,,
52a599a3f1287668,Alex Parker,accept,0000-0002-6722-0994,25,0.578,Southwest Research Institute,NERR
850275cf8f283033,Alex Reed,no-employment-match,,23,,,
235faeb56074fe7a,Alison Brizius,no-employment-match,,1,,,
596d8556863d0a13,Amy Van Blarcom-Lackey,no-candidates,,0,,,
dde1dbe623025aa0,Andrea C. Alfaro,no-employment-match,,25,,,
4c0ca62fb1ded187,Andrea Habeck,no-employment-match,,24,,,
b0310e7bdaa70df8,Andrew McGowan,no-employment-match,,34,,,
495ac472743b98ba,Andrew Thomson,accept,0009-0000-8271-0513,21,0.513,European Medicines Agency,Institute of Ocean Sciences
bbdccc43f66c9d35,Angela Underwood,no-employment-match,,25,,,
9cd3a412f030b098,Ann Kitajima,no-employment-match,,25,,,
cc64ddde7aba6063,Anne Altman,no-employment-match,,25,,,
7518454db0af29ec,Anne Giblin,accept,0000-0003-3851-2178,26,0.456,Marine Biological Laboratory,LTER
51bd0564be322dfb,Anne M. Vogel,accept,0009-0004-7452-2976,32,0.0,,
d6170b24822e7a87,Antje Boetius,accept,0000-0003-2117-4176,5,1.0,MBARI,MBARI — Monterey Bay Aquarium Research Institute
4ac7d551052f7632,Antonio Saldívar Moreno,no-employment-match,,25,,,
087ef7b834156578,Atef A.H. Mansour,no-employment-match,,28,,,
1d50ea29f58a9367,Augusto César Crespi Abril,no-employment-match,,28,,,
e6f7a86fd90b5242,Ayesha Gray,no-employment-match,,26,,,
9d95166363f2ef0a,Bill Crowell,no-employment-match,,25,,,
c15f16afa2789b8a,Bob Cowen,no-employment-match,,25,,,
275d7e7beb3f0116,Bob Miller,accept,0000-0001-7629-6782,33,0.593,Oklahoma Medical Research Foundation,LTER
72c7f7751d5c0fcc,Brenda Torres Barreto,no-employment-match,,16,,,
71bbf28ec2419cf2,Brita J. Jessen,no-employment-match,,26,,,
c3b93845ce50b80a,Caitlin Chaffee,no-employment-match,,25,,,
9b738567dbc65f91,Caitlin Sweeney,no-employment-match,,26,,,
38f3f017e1f83560,Camilo Trench,no-employment-match,,25,,,
136f58805a3aa1d0,Carlos Del Castillo,no-employment-match,,25,,,
ef7eb34bf790b160,Carlos Zúñiga,no-employment-match,,25,,,
b5994d5883864070,Carmel Lowe,no-employment-match,,25,,,
52b0511cd8692bed,Chad Nelsen,no-employment-match,,25,,,
e2105df56d062d8f,Chris Bridger,no-employment-match,,25,,,
a6c84e638433f036,Chris Peregrin,no-employment-match,,16,,,
f7c6a5010baff0de,Christofer Boggs,no-employment-match,,25,,,
cb9cda94845ee30c,Christophe Tulou,no-employment-match,,1,,,
9766065cdd1458df,Clarissa Anderson,no-employment-match,,27,,,
5a40a871746aa17c,Clark Alexander,no-employment-match,,27,,,
e4ddd3bc28ac5e4f,Clay Porch,no-employment-match,,20,,,
c4578832400f873c,Cory Riley,no-employment-match,,27,,,
bec611e3fadab23e,Courtney Schmidt,no-employment-match,,27,,,
e83fd667ba8b53e7,Craig Dahlgren,no-employment-match,,26,,,
67bc0d980bf618fc,Curtis Bohlen,no-employment-match,,25,,,
1e7381f2cdfe433c,Cyrus M. Western,no-employment-match,,25,,,
d7863809155bf28a,Dale Webber,no-employment-match,,26,,,
8dc3492071b97856,Darcy Young,no-employment-match,,25,,,
5b719947c145e31b,Dave Feliz,no-employment-match,,25,,,
3b07eb00881df742,Dave Hallac,no-employment-match,,11,,,
065ae200269c6713,David Burke,no-employment-match,,19,,,
4c1fc41d2bd43729,David Hilario Covarrubias Rosales,no-employment-match,,25,,,
9a33365777a82ab8,David Oscar Yawson,no-employment-match,,25,,,
bb8bbfd4b455762c,David Pierce,no-employment-match,,14,,,
0db40abeb316411d,Dawn Buckingham,no-employment-match,,25,,,
9edcb400387ce56b,Deb Kelley,no-employment-match,,27,,,
5e43a12a1f02e13e,Deborah Bronk,no-employment-match,,25,,,
4a96dc22215f09f3,Debra Hernandez,no-employment-match,,27,,,
02faaf0b04ad8764,Deke Arndt,no-employment-match,,26,,,
9e74c6e3b9566f69,Denise Sanger,no-employment-match,,26,,,
8ecea07573485a48,Derek Aday,no-employment-match,,25,,,
ac16f1112b403331,Dolan Eversole,no-employment-match,,23,,,
bb88fde15914534c,Duane De Freese,no-employment-match,,25,,,
f778e750190e040d,Ed Sherwood,accept,0000-0001-5330-302X,30,1.0,Tampa Bay Estuary Program,NEP — Tampa Bay Estuary Program NEP
ced7196c685a1ada,Eddy H. Gómez Ramírez,no-employment-match,,31,,,
502ebb0372498d8c,Eduardo Siegle,accept,0000-0003-3926-1710,26,1.0,Universidade de São Paulo,IO-USP — Instituto Oceanográfico da Universidade de São Paulo
eec2bdfd29799ef2,Elaine Placido,no-employment-match,,25,,,
9eb8854506590fc6,Emily Stanley,no-employment-match,,28,,,
a28b71f0523c7272,Emma Pokon,no-candidates,,0,,,
6fc271ba2c2d9fff,Eric Peterson,no-employment-match,,25,,,
fe37f9877474c92b,Eric Schwaab,no-employment-match,,25,,,
afbfac2c3d4abc2d,Erica Hardy,no-employment-match,,27,,,
bf45e655d9307d6d,Erica Seiden,no-employment-match,,25,,,
fd1a07d3b4b419fe,Erik Smith,accept,0000-0002-8133-0348,25,0.56,Electric Power Research Institute,NERR
97738d34b02da339,Erin Bertrand,accept,0000-0002-5950-6810,28,0.538,Dalhousie University Department of Biology,Dalhousie Ocean Frontier Institute
c068a767ed157f38,Ernesto Otero,no-employment-match,,30,,,
a723c05cc9a755e4,Fiorenza Micheli,no-employment-match,,27,,,
2b778c1f4a97fd82,Francisco Armando Arias Isaza,no-employment-match,,27,,,
4eec2f2c7eee9f13,Frank Parrish,no-employment-match,,26,,,
0de66276893c819f,Frank Raúl Gío Argáez,no-employment-match,,20,,,
1db0d47fb7a14798,Fred Hay,no-employment-match,,25,,,
4d4ac12186deae2c,Fred Reppun,no-employment-match,,1,,,
7c81f3dcfbd28993,Gerardo Irimia Arosemena,no-employment-match,,25,,,
7c2712756cecb842,Gerhard F. Kuska,accept,0009-0004-3874-9620,16,1.0,MARACOOS,MARACOOS — Mid-Atlantic Regional Association Coastal Ocean Observing System
c2aa8ab34f859c3d,Gladys Rosado Jiménez,no-employment-match,,16,,,
95f18bb785ebd969,Gonzalo Eduardo Bacigalupo,no-employment-match,,26,,,
9eb9e24219c8fe28,Gonzalo Pereira Puchy,no-employment-match,,1,,,
d66ecab20f2ff0f3,Guy Gelfenbaum,no-employment-match,,1,,,
8f8b1bb8bacac538,Heidi M. Sosik,no-employment-match,,6,,,
6845ac7f43deed46,Jake Kritzer,no-employment-match,,20,,,
c92a42d4092b94da,Jake Snaddon,accept,0000-0003-3549-5472,8,1.0,University of Belize,UB-ERI — University of Belize Environmental Research Institute
ad801d68677a4269,James McClelland,accept,0000-0001-9619-8194,30,0.456,Marine Biological Laboratory,LTER
e9de79ed7f010d2d,James Patrick Megonigal,no-employment-match,,3,,,
e28ef32a2bcb35fb,James T. Morris,no-employment-match,,25,,,
91fdd60bedf6ac49,Jan Newton,no-employment-match,,33,,,
d90c6a55bc89a44c,Janice Kerns,no-employment-match,,25,,,
4f74aec8dce447ae,Jason Kudulis,no-candidates,,0,,,
6758e8afd668a3ba,Jean Wiener,no-employment-match,,28,,,
d75285106a4dc54e,Jean-Yves Savaria,no-employment-match,,9,,,
67b967142a53ce4a,Jeffrey L. Payne,no-employment-match,,30,,,
0cb9a516d7e2e402,Jeffrey P. Waters,no-employment-match,,26,,,
ddeaa632f945fdc7,Jeffrey Payne,no-employment-match,,31,,,
7ba62d22e9dd7f0e,Jenn Eckerle,no-employment-match,,21,,,
f50539f23831b79c,Jenna Wanat,no-employment-match,,25,,,
d8c601099de23ef4,Jennifer Dorton,accept,0009-0001-2786-7582,10,1.0,SECOORA,SECOORA — Southeast Coastal Ocean Observing Regional Association
bdfeefc521d67f45,Jennifer Flynn,no-employment-match,,36,,,
c68512cd9aaf1f09,Jenny Gray,no-employment-match,,26,,,
1252478f7bf2a9b3,Jeremy Goldbogen,accept,0000-0002-4170-7294,2,1.0,Stanford University Hopkins Marine Station,Hopkins Marine Station
77b887731b3aeef5,Jeremy Rusin,no-employment-match,,25,,,
c0ebbb3b72ffb785,Jesse Feyen,no-employment-match,,20,,,
2e597769679ad4b7,Jill Carr,accept,0000-0003-1476-6640,28,0.514,University of Massachusetts Boston,Massachusetts Bays National Estuary Program
ffd46ff594243b9d,Jim Macy,no-employment-match,,25,,,
2d1a6f25312701cb,Joe Costa,no-employment-match,,25,,,
bd6ab6546c9d6fe0,John Crofts,no-employment-match,,25,,,
b22c5135ce35b205,John Kominoski,accept,0000-0002-0978-3326,1,0.48,Florida International University,Florida Coast LTER
73584002653ed352,John T. Sample,no-employment-match,,27,,,
8174234678f59196,John Valentine,no-employment-match,,36,,,
2d5b33672ad73028,Jonathan Adam Langley,no-employment-match,,25,,,
3ef416c55fbc8805,Jonathan Pennock,no-employment-match,,25,,,
420cd9eeea34deb8,Jorge Bauzá-Ortega,no-candidates,,0,,,
5ed6f748858dc381,Jorge Brenner,accept,0000-0002-4962-4784,26,0.941,Gulf of America Coastal Ocean Observing System,Gulf of Mexico Coastal Ocean Observing System
af99b3688c5a95f0,Jorge Manuel Paz Acosta,no-employment-match,,25,,,
6ccc176e3db55c5e,Josh F.W. Cook,accept,0000-0002-9183-1613,34,0.0,,
e3ef038d0f4cce32,Joshua Tewksbury,accept,0000-0002-9786-1477,12,0.538,Smithsonian Institution,Smithsonian Tropical Research Institute
b8c32d3f789903dc,Joyce Novak,no-employment-match,,25,,,
36d64d109f9931d6,Juan Carlos Tapia Aldás,no-employment-match,,26,,,
d33dc6b2e90fadf5,Jude Apple,no-employment-match,,26,,,
bc0975ce8ffdcfd1,Julia Azanza Ricardo,accept,0009-0004-7818-8696,33,0.621,Universidad Nacional de Hurlingham,Universidad de La Habana
837911c885c1a2d6,Julie Binz,no-employment-match,,25,,,
057a229162351e1e,Julie Packard,no-employment-match,,25,,,
ebf6b29af8901951,Julio M. Morell,no-employment-match,,25,,,
790b5cb0ef4999f6,Justin Ridge,no-employment-match,,28,,,
7af8d3870a1edb43,Jyotika Virmani,no-employment-match,,26,,,
412d241d0a92c33a,Kalle Matso,no-employment-match,,2,,,
dc6a10816fc6d1f5,Karen McGlathery,no-employment-match,,4,,,
37581034fe7be3a2,Kate Moran,accept,0000-0002-0353-3385,35,1.0,Ocean Networks Canada Society,Ocean Networks Canada
545adb9a98f59b9f,Katherine Arroyo-Arce,no-employment-match,,3,,,
a8acdff1a877962f,Katherine Barbeau,no-employment-match,,26,,,
28f6b6e379a7f46f,Katherine Schake,no-employment-match,,6,,,
5b2dda04d0cf52b2,Kathy Klein,no-employment-match,,25,,,
77bbdb30534582e4,Katie Swanson,no-employment-match,,26,,,
5b26c521e63107fb,Kawika Winter,no-employment-match,,26,,,
9bb2966b8154ec72,Keith Laakkonen,no-employment-match,,25,,,
ea8341d95d9b11d4,Ken Dunton,no-employment-match,,26,,,
3632fce83b016d2a,Kerstin Wasson,no-employment-match,,26,,,
5e28d64a9988c19a,Kevin J. McOmber,no-employment-match,,9,,,
621508ca8d0282a1,Kevin Smith,no-employment-match,,25,,,
e843dbcaf204514b,Kiersten Stanzel,no-employment-match,,20,,,
acc5daaf743dfc71,Kim Miller,accept,0000-0002-5297-4195,25,0.529,Appalachian State University,Apalachicola NERR
3b2ab78f43494bc5,Krisa Arzayus,no-employment-match,,8,,,
73c93dcbf0823fac,Kristi Foster,no-employment-match,,31,,,
92435a9fea794186,Kurt Newman,no-employment-match,,26,,,
0aaca7133e58ae3b,Kyle Derby,no-employment-match,,26,,,
21eefc825ce2a6c2,Lisa Marshall,no-employment-match,,34,,,
dde5802e4e435f8b,Lizzie McLeod,no-employment-match,,25,,,
361753d9e8b4a881,Manuel Luis Robert Díaz,accept,0009-0008-0545-8789,25,0.582,Universidad Nacional de Rosario,Unidad Ciencias del Agua
dcda55181668fee0,Marian Westley,accept,0009-0008-7195-2945,25,1.0,National Oceanic and Atmospheric Administration,CO-OPS — NOAA Center for Operational Oceanographic Products and Services
b816e10d3c965252,Mark Sanborn,accept,0000-0001-5308-4680,26,0.0,,
dce86cb0be724f8a,Mark Tedesco,no-employment-match,,25,,,
b517c254a31c6ad0,Mary Ford,no-employment-match,,35,,,
7fc8610ce7422658,Matt Ferner,accept,0000-0002-4862-9663,25,0.56,San Francisco State University,San Francisco Bay NERR
1debaf119dd6bdf0,Meenakshi Wadhwa,no-employment-match,,26,,,
26fc6973efa5b2c2,Megan Dethier,no-employment-match,,18,,,
0ef98bc081d25b9a,Megan Donahue,accept,0000-0002-7529-001X,30,0.51,University of Hawai'i at Manoa,HIMB — Hawaiʻi Institute of Marine Biology
9d0c1da64e27d162,Megan Medina,accept,0000-0001-5865-3504,27,0.512,"University of California, San Diego",Southern California Coastal Ocean Observing System
f2ec194405d50b28,Melissa Iwamoto,no-employment-match,,25,,,
1dfbebd4b288c3b5,Merryl Alber,no-employment-match,,26,,,
54f2fc84cf8d98e7,Michael H. Hare,no-employment-match,,26,,,
4b0863d579e83c7a,Michael Martucci,no-employment-match,,25,,,
e3e68a0ad17bfcd7,Michael P. Crosby,accept,0000-0001-6099-3305,30,1.0,Mote Marine Laboratory,Mote — Mote Marine Laboratory and Aquarium
ddabd2edb9101305,Michael Seki,no-employment-match,,26,,,
ab6f93d07690909f,Michelle Felterman,no-candidates,,0,,,
44e2b86131ea403a,Michelle McClure,no-employment-match,,26,,,
78c14f4c0045ff7e,Mike Crowley,no-employment-match,,27,,,
9181a33010fad584,Mike De Luca,no-employment-match,,25,,,
5639a992d91e194d,Mindy Roberts,no-employment-match,,27,,,
c16c5ae3ad1d51c7,Molly Baringer,no-employment-match,,8,,,
078b7d168e2f87e6,Mona Webber,no-employment-match,,26,,,
117ba4e1ceca27df,Márcia Caruso Bícego,no-employment-match,,3,,,
4d38140592198cfc,Nancy Lindborg,no-employment-match,,22,,,
177b84617c4a1abf,Natalie Snider,no-employment-match,,27,,,
a393b12d808529ce,Nathaniel Plant,no-employment-match,,26,,,
d80936157119f924,Neetha Selliah,no-employment-match,,5,,,
baef2a943af11007,Nicole Cabana,no-employment-match,,25,,,
e8ccca8fdd98071e,Nikki Dix,no-employment-match,,26,,,
1e5fa3078af5827b,Nipam Patel,accept,0000-0003-4328-654X,28,1.0,Marine Biological Laboratory,MBL — Marine Biological Laboratory
baf59f3a15faf2e6,Osmar Olinto Möller Jr.,no-employment-match,,29,,,
9d71ca0e803e3633,Otto Cristian Wöhler,no-employment-match,,16,,,
fba4e46d4139e884,Patricia Chardón-Maldonado,no-candidates,,0,,,
1e6e370beaffdf3e,Patricia Fox,no-employment-match,,30,,,
fdfb57cad627fe26,Paul Brett,no-employment-match,,30,,,
e5d3e47376a67746,Paul Dest,no-employment-match,,7,,,
adc2be4059e9dcb5,Paul Orlando,no-employment-match,,13,,,
9e3ad4aec3f23498,Paula S. Bontempi,no-employment-match,,25,,,
b5e0dd18110c888a,Peter DeCola,no-employment-match,,6,,,
a8c4b7e06246d23b,Peter de Menocal,no-employment-match,,26,,,
518ac01edb2e4dc2,Prassede Vella,no-employment-match,,26,,,
ca88c7a1051f4c17,Píndaro Díaz Jaimes,no-employment-match,,25,,,
6d90f82d85ef16e7,Rachael Phillos,no-candidates,,0,,,
95a5011d7e49f493,Rakan A. Zahawi,no-employment-match,,13,,,
306c614e961b8c15,Aileen S. Lee,no-employment-match,,28,,,
464fef7395780998,Aitza Pabón Valentin,no-employment-match,,25,,,
2dc860bdd941cbf8,Alain Vézina,no-employment-match,,25,,,
6f64a8c2116cd3a2,Alex Harper,no-employment-match,,16,,,
52a599a3f1287668,Alex Parker,accept,0000-0002-6722-0994,25,0.578,Southwest Research Institute,NERR
850275cf8f283033,Alex Reed,no-employment-match,,23,,,
235faeb56074fe7a,Alison Brizius,no-employment-match,,1,,,
596d8556863d0a13,Amy Van Blarcom-Lackey,no-candidates,,0,,,
dde1dbe623025aa0,Andrea C. Alfaro,no-employment-match,,25,,,
4c0ca62fb1ded187,Andrea Habeck,no-employment-match,,24,,,
b0310e7bdaa70df8,Andrew McGowan,no-employment-match,,34,,,
495ac472743b98ba,Andrew Thomson,accept,0009-0000-8271-0513,21,0.513,European Medicines Agency,Institute of Ocean Sciences
bbdccc43f66c9d35,Angela Underwood,no-employment-match,,25,,,
9cd3a412f030b098,Ann Kitajima,no-employment-match,,25,,,
cc64ddde7aba6063,Anne Altman,no-employment-match,,25,,,
7518454db0af29ec,Anne Giblin,accept,0000-0003-3851-2178,26,0.456,Marine Biological Laboratory,LTER
51bd0564be322dfb,Anne M. Vogel,accept,0009-0004-7452-2976,32,0.0,,
d6170b24822e7a87,Antje Boetius,accept,0000-0003-2117-4176,5,1.0,MBARI,MBARI — Monterey Bay Aquarium Research Institute
4ac7d551052f7632,Antonio Saldívar Moreno,no-employment-match,,25,,,
087ef7b834156578,Atef A.H. Mansour,no-employment-match,,28,,,
1d50ea29f58a9367,Augusto César Crespi Abril,no-employment-match,,28,,,
e6f7a86fd90b5242,Ayesha Gray,no-employment-match,,26,,,
9d95166363f2ef0a,Bill Crowell,no-employment-match,,25,,,
c15f16afa2789b8a,Bob Cowen,no-employment-match,,25,,,
275d7e7beb3f0116,Bob Miller,accept,0000-0001-7629-6782,33,0.593,Oklahoma Medical Research Foundation,LTER
72c7f7751d5c0fcc,Brenda Torres Barreto,no-employment-match,,16,,,
71bbf28ec2419cf2,Brita J. Jessen,no-employment-match,,26,,,
c3b93845ce50b80a,Caitlin Chaffee,no-employment-match,,25,,,
9b738567dbc65f91,Caitlin Sweeney,no-employment-match,,26,,,
38f3f017e1f83560,Camilo Trench,no-employment-match,,25,,,
136f58805a3aa1d0,Carlos Del Castillo,no-employment-match,,25,,,
ef7eb34bf790b160,Carlos Zúñiga,no-employment-match,,25,,,
b5994d5883864070,Carmel Lowe,no-employment-match,,25,,,
52b0511cd8692bed,Chad Nelsen,no-employment-match,,25,,,
e2105df56d062d8f,Chris Bridger,no-employment-match,,25,,,
a6c84e638433f036,Chris Peregrin,no-employment-match,,16,,,
f7c6a5010baff0de,Christofer Boggs,no-employment-match,,25,,,
cb9cda94845ee30c,Christophe Tulou,no-employment-match,,1,,,
9766065cdd1458df,Clarissa Anderson,no-employment-match,,27,,,
5a40a871746aa17c,Clark Alexander,no-employment-match,,27,,,
e4ddd3bc28ac5e4f,Clay Porch,no-employment-match,,20,,,
c4578832400f873c,Cory Riley,no-employment-match,,27,,,
bec611e3fadab23e,Courtney Schmidt,no-employment-match,,27,,,
e83fd667ba8b53e7,Craig Dahlgren,no-employment-match,,26,,,
67bc0d980bf618fc,Curtis Bohlen,no-employment-match,,25,,,
1e7381f2cdfe433c,Cyrus M. Western,no-employment-match,,25,,,
d7863809155bf28a,Dale Webber,no-employment-match,,26,,,
8dc3492071b97856,Darcy Young,no-employment-match,,25,,,
5b719947c145e31b,Dave Feliz,no-employment-match,,25,,,
3b07eb00881df742,Dave Hallac,no-employment-match,,11,,,
065ae200269c6713,David Burke,no-employment-match,,19,,,
4c1fc41d2bd43729,David Hilario Covarrubias Rosales,no-employment-match,,25,,,
9a33365777a82ab8,David Oscar Yawson,no-employment-match,,25,,,
bb8bbfd4b455762c,David Pierce,no-employment-match,,14,,,
0db40abeb316411d,Dawn Buckingham,no-employment-match,,25,,,
9edcb400387ce56b,Deb Kelley,no-employment-match,,27,,,
5e43a12a1f02e13e,Deborah Bronk,no-employment-match,,25,,,
4a96dc22215f09f3,Debra Hernandez,no-employment-match,,27,,,
02faaf0b04ad8764,Deke Arndt,no-employment-match,,26,,,
9e74c6e3b9566f69,Denise Sanger,no-employment-match,,26,,,
8ecea07573485a48,Derek Aday,no-employment-match,,25,,,
ac16f1112b403331,Dolan Eversole,no-employment-match,,23,,,
bb88fde15914534c,Duane De Freese,no-employment-match,,25,,,
f778e750190e040d,Ed Sherwood,accept,0000-0001-5330-302X,30,1.0,Tampa Bay Estuary Program,NEP — Tampa Bay Estuary Program NEP
ced7196c685a1ada,Eddy H. Gómez Ramírez,no-employment-match,,31,,,
502ebb0372498d8c,Eduardo Siegle,accept,0000-0003-3926-1710,26,1.0,Universidade de São Paulo,IO-USP — Instituto Oceanográfico da Universidade de São Paulo
eec2bdfd29799ef2,Elaine Placido,no-employment-match,,25,,,
9eb8854506590fc6,Emily Stanley,no-employment-match,,28,,,
a28b71f0523c7272,Emma Pokon,no-candidates,,0,,,
6fc271ba2c2d9fff,Eric Peterson,no-employment-match,,25,,,
fe37f9877474c92b,Eric Schwaab,no-employment-match,,25,,,
afbfac2c3d4abc2d,Erica Hardy,no-employment-match,,27,,,
bf45e655d9307d6d,Erica Seiden,no-employment-match,,25,,,
fd1a07d3b4b419fe,Erik Smith,accept,0000-0002-8133-0348,25,0.56,Electric Power Research Institute,NERR
97738d34b02da339,Erin Bertrand,accept,0000-0002-5950-6810,28,0.538,Dalhousie University Department of Biology,Dalhousie Ocean Frontier Institute
c068a767ed157f38,Ernesto Otero,no-employment-match,,30,,,
a723c05cc9a755e4,Fiorenza Micheli,no-employment-match,,27,,,
2b778c1f4a97fd82,Francisco Armando Arias Isaza,no-employment-match,,27,,,
4eec2f2c7eee9f13,Frank Parrish,no-employment-match,,26,,,
0de66276893c819f,Frank Raúl Gío Argáez,no-employment-match,,20,,,
1db0d47fb7a14798,Fred Hay,no-employment-match,,25,,,
4d4ac12186deae2c,Fred Reppun,no-employment-match,,1,,,
7c81f3dcfbd28993,Gerardo Irimia Arosemena,no-employment-match,,25,,,
7c2712756cecb842,Gerhard F. Kuska,accept,0009-0004-3874-9620,16,1.0,MARACOOS,MARACOOS — Mid-Atlantic Regional Association Coastal Ocean Observing System
c2aa8ab34f859c3d,Gladys Rosado Jiménez,no-employment-match,,16,,,
95f18bb785ebd969,Gonzalo Eduardo Bacigalupo,no-employment-match,,26,,,
9eb9e24219c8fe28,Gonzalo Pereira Puchy,no-employment-match,,1,,,
d66ecab20f2ff0f3,Guy Gelfenbaum,no-employment-match,,1,,,
8f8b1bb8bacac538,Heidi M. Sosik,no-employment-match,,6,,,
6845ac7f43deed46,Jake Kritzer,no-employment-match,,20,,,
c92a42d4092b94da,Jake Snaddon,accept,0000-0003-3549-5472,8,1.0,University of Belize,UB-ERI — University of Belize Environmental Research Institute
ad801d68677a4269,James McClelland,accept,0000-0001-9619-8194,30,0.456,Marine Biological Laboratory,LTER
e9de79ed7f010d2d,James Patrick Megonigal,no-employment-match,,3,,,
e28ef32a2bcb35fb,James T. Morris,no-employment-match,,25,,,
91fdd60bedf6ac49,Jan Newton,no-employment-match,,33,,,
d90c6a55bc89a44c,Janice Kerns,no-employment-match,,25,,,
4f74aec8dce447ae,Jason Kudulis,no-candidates,,0,,,
6758e8afd668a3ba,Jean Wiener,no-employment-match,,28,,,
d75285106a4dc54e,Jean-Yves Savaria,no-employment-match,,9,,,
67b967142a53ce4a,Jeffrey L. Payne,no-employment-match,,30,,,
0cb9a516d7e2e402,Jeffrey P. Waters,no-employment-match,,26,,,
ddeaa632f945fdc7,Jeffrey Payne,no-employment-match,,31,,,
7ba62d22e9dd7f0e,Jenn Eckerle,no-employment-match,,21,,,
f50539f23831b79c,Jenna Wanat,no-employment-match,,25,,,
d8c601099de23ef4,Jennifer Dorton,accept,0009-0001-2786-7582,10,1.0,SECOORA,SECOORA — Southeast Coastal Ocean Observing Regional Association
bdfeefc521d67f45,Jennifer Flynn,no-employment-match,,36,,,
c68512cd9aaf1f09,Jenny Gray,no-employment-match,,26,,,
1252478f7bf2a9b3,Jeremy Goldbogen,accept,0000-0002-4170-7294,2,1.0,Stanford University Hopkins Marine Station,Hopkins Marine Station
77b887731b3aeef5,Jeremy Rusin,no-employment-match,,25,,,
c0ebbb3b72ffb785,Jesse Feyen,no-employment-match,,20,,,
2e597769679ad4b7,Jill Carr,accept,0000-0003-1476-6640,28,0.514,University of Massachusetts Boston,Massachusetts Bays National Estuary Program
ffd46ff594243b9d,Jim Macy,no-employment-match,,25,,,
2d1a6f25312701cb,Joe Costa,no-employment-match,,25,,,
bd6ab6546c9d6fe0,John Crofts,no-employment-match,,25,,,
b22c5135ce35b205,John Kominoski,accept,0000-0002-0978-3326,1,0.48,Florida International University,Florida Coast LTER
73584002653ed352,John T. Sample,no-employment-match,,27,,,
8174234678f59196,John Valentine,no-employment-match,,36,,,
2d5b33672ad73028,Jonathan Adam Langley,no-employment-match,,25,,,
3ef416c55fbc8805,Jonathan Pennock,no-employment-match,,25,,,
420cd9eeea34deb8,Jorge Bauzá-Ortega,no-candidates,,0,,,
5ed6f748858dc381,Jorge Brenner,accept,0000-0002-4962-4784,26,0.941,Gulf of America Coastal Ocean Observing System,Gulf of Mexico Coastal Ocean Observing System
af99b3688c5a95f0,Jorge Manuel Paz Acosta,no-employment-match,,25,,,
6ccc176e3db55c5e,Josh F.W. Cook,accept,0000-0002-9183-1613,34,0.0,,
e3ef038d0f4cce32,Joshua Tewksbury,accept,0000-0002-9786-1477,12,0.538,Smithsonian Institution,Smithsonian Tropical Research Institute
b8c32d3f789903dc,Joyce Novak,no-employment-match,,25,,,
36d64d109f9931d6,Juan Carlos Tapia Aldás,no-employment-match,,26,,,
d33dc6b2e90fadf5,Jude Apple,no-employment-match,,26,,,
bc0975ce8ffdcfd1,Julia Azanza Ricardo,accept,0009-0004-7818-8696,33,0.621,Universidad Nacional de Hurlingham,Universidad de La Habana
837911c885c1a2d6,Julie Binz,no-employment-match,,25,,,
057a229162351e1e,Julie Packard,no-employment-match,,25,,,
ebf6b29af8901951,Julio M. Morell,no-employment-match,,25,,,
790b5cb0ef4999f6,Justin Ridge,no-employment-match,,28,,,
7af8d3870a1edb43,Jyotika Virmani,no-employment-match,,26,,,
412d241d0a92c33a,Kalle Matso,no-employment-match,,2,,,
dc6a10816fc6d1f5,Karen McGlathery,no-employment-match,,4,,,
37581034fe7be3a2,Kate Moran,accept,0000-0002-0353-3385,35,1.0,Ocean Networks Canada Society,Ocean Networks Canada
545adb9a98f59b9f,Katherine Arroyo-Arce,no-employment-match,,3,,,
a8acdff1a877962f,Katherine Barbeau,no-employment-match,,26,,,
28f6b6e379a7f46f,Katherine Schake,no-employment-match,,6,,,
5b2dda04d0cf52b2,Kathy Klein,no-employment-match,,25,,,
77bbdb30534582e4,Katie Swanson,no-employment-match,,26,,,
5b26c521e63107fb,Kawika Winter,no-employment-match,,26,,,
9bb2966b8154ec72,Keith Laakkonen,no-employment-match,,25,,,
ea8341d95d9b11d4,Ken Dunton,no-employment-match,,26,,,
3632fce83b016d2a,Kerstin Wasson,no-employment-match,,26,,,
5e28d64a9988c19a,Kevin J. McOmber,no-employment-match,,9,,,
621508ca8d0282a1,Kevin Smith,no-employment-match,,25,,,
e843dbcaf204514b,Kiersten Stanzel,no-employment-match,,20,,,
acc5daaf743dfc71,Kim Miller,accept,0000-0002-5297-4195,25,0.529,Appalachian State University,Apalachicola NERR
3b2ab78f43494bc5,Krisa Arzayus,no-employment-match,,8,,,
73c93dcbf0823fac,Kristi Foster,no-employment-match,,31,,,
92435a9fea794186,Kurt Newman,no-employment-match,,26,,,
0aaca7133e58ae3b,Kyle Derby,no-employment-match,,26,,,
21eefc825ce2a6c2,Lisa Marshall,no-employment-match,,34,,,
dde5802e4e435f8b,Lizzie McLeod,no-employment-match,,25,,,
361753d9e8b4a881,Manuel Luis Robert Díaz,accept,0009-0008-0545-8789,25,0.582,Universidad Nacional de Rosario,Unidad Ciencias del Agua
dcda55181668fee0,Marian Westley,accept,0009-0008-7195-2945,25,1.0,National Oceanic and Atmospheric Administration,CO-OPS — NOAA Center for Operational Oceanographic Products and Services
b816e10d3c965252,Mark Sanborn,accept,0000-0001-5308-4680,26,0.0,,
dce86cb0be724f8a,Mark Tedesco,no-employment-match,,25,,,
b517c254a31c6ad0,Mary Ford,no-employment-match,,35,,,
7fc8610ce7422658,Matt Ferner,accept,0000-0002-4862-9663,25,0.56,San Francisco State University,San Francisco Bay NERR
1debaf119dd6bdf0,Meenakshi Wadhwa,no-employment-match,,26,,,
26fc6973efa5b2c2,Megan Dethier,no-employment-match,,18,,,
0ef98bc081d25b9a,Megan Donahue,accept,0000-0002-7529-001X,30,0.51,University of Hawai'i at Manoa,HIMB — Hawaiʻi Institute of Marine Biology
9d0c1da64e27d162,Megan Medina,accept,0000-0001-5865-3504,27,0.512,"University of California, San Diego",Southern California Coastal Ocean Observing System
f2ec194405d50b28,Melissa Iwamoto,no-employment-match,,25,,,
1dfbebd4b288c3b5,Merryl Alber,no-employment-match,,26,,,
54f2fc84cf8d98e7,Michael H. Hare,no-employment-match,,26,,,
4b0863d579e83c7a,Michael Martucci,no-employment-match,,25,,,
e3e68a0ad17bfcd7,Michael P. Crosby,accept,0000-0001-6099-3305,30,1.0,Mote Marine Laboratory,Mote — Mote Marine Laboratory and Aquarium
ddabd2edb9101305,Michael Seki,no-employment-match,,26,,,
ab6f93d07690909f,Michelle Felterman,no-candidates,,0,,,
44e2b86131ea403a,Michelle McClure,no-employment-match,,26,,,
78c14f4c0045ff7e,Mike Crowley,no-employment-match,,27,,,
9181a33010fad584,Mike De Luca,no-employment-match,,25,,,
5639a992d91e194d,Mindy Roberts,no-employment-match,,27,,,
c16c5ae3ad1d51c7,Molly Baringer,no-employment-match,,8,,,
078b7d168e2f87e6,Mona Webber,no-employment-match,,26,,,
117ba4e1ceca27df,Márcia Caruso Bícego,no-employment-match,,3,,,
4d38140592198cfc,Nancy Lindborg,no-employment-match,,22,,,
177b84617c4a1abf,Natalie Snider,no-employment-match,,27,,,
a393b12d808529ce,Nathaniel Plant,no-employment-match,,26,,,
d80936157119f924,Neetha Selliah,no-employment-match,,5,,,
baef2a943af11007,Nicole Cabana,no-employment-match,,25,,,
e8ccca8fdd98071e,Nikki Dix,no-employment-match,,26,,,
1e5fa3078af5827b,Nipam Patel,accept,0000-0003-4328-654X,28,1.0,Marine Biological Laboratory,MBL — Marine Biological Laboratory
baf59f3a15faf2e6,Osmar Olinto Möller Jr.,no-employment-match,,29,,,
9d71ca0e803e3633,Otto Cristian Wöhler,no-employment-match,,16,,,
fba4e46d4139e884,Patricia Chardón-Maldonado,no-candidates,,0,,,
1e6e370beaffdf3e,Patricia Fox,no-employment-match,,30,,,
fdfb57cad627fe26,Paul Brett,no-employment-match,,30,,,
e5d3e47376a67746,Paul Dest,no-employment-match,,7,,,
adc2be4059e9dcb5,Paul Orlando,no-employment-match,,13,,,
9e3ad4aec3f23498,Paula S. Bontempi,no-employment-match,,25,,,
b5e0dd18110c888a,Peter DeCola,no-employment-match,,6,,,
a8c4b7e06246d23b,Peter de Menocal,no-employment-match,,26,,,
518ac01edb2e4dc2,Prassede Vella,no-employment-match,,26,,,
ca88c7a1051f4c17,Píndaro Díaz Jaimes,no-employment-match,,25,,,
6d90f82d85ef16e7,Rachael Phillos,no-candidates,,0,,,
95a5011d7e49f493,Rakan A. Zahawi,no-employment-match,,13,,,
e02aed9e576cd9c3,Ralph Garono,no-employment-match,,1,,,
378c9c78a6fd4a90,Rebecca Ellin,no-employment-match,,10,,,
7c78646e193e72e9,Robert Foy,no-employment-match,,25,,,
ce200873908a74a3,Robert Pirani,no-employment-match,,25,,,
2af735db114098a6,Robert W. Howarth,no-employment-match,,29,,,
f8acfd6f63ece584,Roger Young,no-employment-match,,31,,,
82730c88785b1381,Roni Avissar,accept,0009-0002-8724-0287,9,0.882,"University of Miami Rosenstiel School of Marine, Atmospheric and Earth Science","RSMAES — Rosenstiel School of Marine, Atmospheric, and Earth Science"
db97cfd213d2787c,Roxanne M. Marino,no-employment-match,,26,,,
0d562c70db923246,Russ Hopcroft,no-employment-match,,16,,,
194b3ba16292cb1e,Ryan Gandy,no-employment-match,,27,,,
fdcd3331a0b3191d,Sarah Fernald,accept,0000-0001-8314-0102,19,1.0,Hudson River National Estuarine Research Reserve,NERR — Hudson River NERR
8c073c3bd385a278,Scott Mason IV,no-employment-match,,26,,,
759d83a39a8046c6,Sean Bailey,accept,0000-0001-8339-9763,12,1.0,NASA Goddard Space Flight Center,GSFC-OBPG — NASA Goddard Space Flight Center — Ocean Biology Processing Group
b1671f3e3269e53a,Sean Rogers,no-employment-match,,12,,,
72493a0707c9311a,Seth Danielson,no-employment-match,,26,,,
40b549987809b0f8,Sheyna Wisdom,accept,0000-0002-1718-469X,26,1.0,Alaska Ocean Observing System,AOOS — Alaska Ocean Observing System
be5986ba8ad349ed,Shimi Rii,no-employment-match,,10,,,
dc047dd3d3d003d8,Stan Rogers,no-employment-match,,27,,,
8c218de18239a239,Steve Canty,no-employment-match,,26,,,
766c502c78914ff7,Steven Pennings,no-employment-match,,27,,,
0ba13fd7c7a54a05,Suzanne Olyarnik,no-candidates,,0,,,
85cbbd6cfb236334,Tancred Miller,no-employment-match,,25,,,
5c3007aae50af614,Taryn Sudol,no-employment-match,,21,,,
b5b14803c8273bbb,Thomas J. Mozdzer,no-employment-match,,1,,,
0c9b5f415598b18c,Thomas W. Sephton,no-employment-match,,21,,,
dac1a994e80c5471,Tom Ford,no-employment-match,,15,,,
4d81d77463af7bfe,Tonna-Marie Rogers,no-employment-match,,25,,,
4fca6713d4b3ba94,Trika Gerard,accept,0000-0003-3214-241X,25,1.0,NOAA National Marine Fisheries Service Southeast Fisheries Science Center,Southeast Fisheries Science Center
cceb4eaf1b8eb686,Troy A. Dexter,no-employment-match,,26,,,
8a7043ba5f9e0280,Ty V. Wamsley,no-employment-match,,25,,,
0433ba6616b2808a,Tyler Smith,accept,0000-0002-8460-6573,25,0.667,University of Minnesota,University of the Virgin Islands
8ec83ad0568e35a8,Valerie Paul,accept,0000-0002-4691-1569,28,0.656,Smithsonian Institution,Smithsonian Marine Station at Fort Pierce
e7df60c20401f19c,Victoria Congdon,no-employment-match,,26,,,
83b2e0e7ab0d73d9,Vikki N. Spruill,no-employment-match,,25,,,
35c72178f3d305b3,Wayne Munns,no-employment-match,,26,,,
7369705e8f5e5bd7,William Burnett,no-employment-match,,29,,,
72bf2df40aab5e9a,William Monty Graham,no-employment-match,,35,,,
5df97c3113302e64,William Reay,no-employment-match,,26,,,
be4cc58dfbf07839,Xuefeng Peng,no-employment-match,,16,,,
087bd097c4996ea9,Alan K. Knapp,no-candidates,,0,,,
ad69fe663d0dd867,Alexander Cede,no-candidates,,0,,,
9ea1f9a82a3009d8,Amey S. Bailey,no-candidates,,0,,,
5b96eb6f0c4efa57,Andrew E. Suyker,no-candidates,,0,,,
aeba46d2f5fbc845,Andrew G. Fountain,no-candidates,,0,,,
1189b0add865bb00,Aaron R. Weiskittel,no-employment-match,,3,,,
8e856d667615d3d1,Adam Mackinnon,no-employment-match,,25,,,
f88c32097d2b411d,Aimee A. Keller,no-employment-match,,28,,,
4dd524ca01a8f50f,Aitza Pabón,no-employment-match,,25,,,
f56548cde83f673a,Alan J. Wallcraft,no-employment-match,,2,,,
087bd097c4996ea9,Alan K. Knapp,no-employment-match,,26,,,
ad69fe663d0dd867,Alexander Cede,no-employment-match,,17,,,
9ea1f9a82a3009d8,Amey S. Bailey,accept-name-only,0000-0003-3848-8550,26,0.0,,
5b96eb6f0c4efa57,Andrew E. Suyker,no-employment-match,,3,,,
aeba46d2f5fbc845,Andrew G. Fountain,no-employment-match,,26,,,
ce234e2573a92bef,Anne E. Giblin,no-employment-match,,26,,,
d8284cdf9ccaaca7,Anthony Arendt,no-employment-match,,26,,,
746e1ad0d1876655,Ariel E. Lugo,no-employment-match,,31,,,
05fea7471289a5d7,Arthur D. Hasler,no-employment-match,,25,,,
be388edc0ee9661b,Aubrey K. Bunch,no-employment-match,,26,,,
1189b0add865bb00,Aaron R. Weiskittel,no-employment-match,,3,,,
8e856d667615d3d1,Adam Mackinnon,no-employment-match,,25,,,
f88c32097d2b411d,Aimee A. Keller,no-employment-match,,28,,,
4dd524ca01a8f50f,Aitza Pabón,no-employment-match,,25,,,
f56548cde83f673a,Alan J. Wallcraft,no-employment-match,,2,,,
087bd097c4996ea9,Alan K. Knapp,no-employment-match,,26,,,
ad69fe663d0dd867,Alexander Cede,no-employment-match,,17,,,
9ea1f9a82a3009d8,Amey S. Bailey,accept-name-only,0000-0003-3848-8550,26,0.0,,
5b96eb6f0c4efa57,Andrew E. Suyker,accept,0000-0002-4394-1607,3,0.898,University of Nebraska-Lincoln,USDA Agricultural Research Service / University of Nebraska-Lincoln
aeba46d2f5fbc845,Andrew G. Fountain,no-employment-match,,26,,,
ce234e2573a92bef,Anne E. Giblin,accept,0000-0003-3851-2178,26,0.934,Marine Biological Laboratory,Marine Biological Laboratory / Boston University
d8284cdf9ccaaca7,Anthony Arendt,no-employment-match,,26,,,
746e1ad0d1876655,Ariel E. Lugo,no-employment-match,,31,,,
05fea7471289a5d7,Arthur D. Hasler,no-employment-match,,25,,,
be388edc0ee9661b,Aubrey K. Bunch,no-employment-match,,26,,,
1189b0add865bb00,Aaron R. Weiskittel,no-employment-match,,3,,,
8e856d667615d3d1,Adam Mackinnon,no-employment-match,,25,,,
f88c32097d2b411d,Aimee A. Keller,no-employment-match,,28,,,
4dd524ca01a8f50f,Aitza Pabón,no-employment-match,,25,,,
f56548cde83f673a,Alan J. Wallcraft,no-employment-match,,2,,,
087bd097c4996ea9,Alan K. Knapp,no-employment-match,,26,,,
ad69fe663d0dd867,Alexander Cede,no-employment-match,,17,,,
9ea1f9a82a3009d8,Amey S. Bailey,accept-name-only,0000-0003-3848-8550,26,0.0,,
5b96eb6f0c4efa57,Andrew E. Suyker,accept,0000-0002-4394-1607,3,0.898,University of Nebraska-Lincoln,USDA Agricultural Research Service / University of Nebraska-Lincoln
aeba46d2f5fbc845,Andrew G. Fountain,no-employment-match,,26,,,
ce234e2573a92bef,Anne E. Giblin,accept,0000-0003-3851-2178,26,0.934,Marine Biological Laboratory,Marine Biological Laboratory / Boston University
d8284cdf9ccaaca7,Anthony Arendt,no-employment-match,,26,,,
746e1ad0d1876655,Ariel E. Lugo,no-employment-match,,31,,,
05fea7471289a5d7,Arthur D. Hasler,no-employment-match,,25,,,
be388edc0ee9661b,Aubrey K. Bunch,no-employment-match,,26,,,
8b90261a1a25f495,Audra Luscher,no-employment-match,,10,,,
e6f7a86fd90b5242,Ayesha Gray,no-employment-match,,26,,,
ef845c7cc69e0633,Barbara J. Bond,no-employment-match,,25,,,
953771c47ed21258,Becky Nichols,no-employment-match,,27,,,
5921704e05d8db6b,Becky Shortland,no-employment-match,,25,,,
24aa7e3c0d56f5b1,Ben Becker,accept,0000-0001-8464-1451,23,0.912,National Park Service Pacific West Region,US National Park Service
576aabf3b3bf9570,Bernard R. Kuhajda,no-employment-match,,5,,,
724bff55f1b48ca5,Bernard T. Bormann,accept-name-only,0000-0001-6225-4004,26,0.0,,
ab25d0cb11776662,Beth A. Newingham,accept,0000-0002-3324-500X,1,0.912,USDA Agricultural Research Service,USDA Agricultural Research Service Great Basin Rangelands Research Unit
3da3ce9c04654670,Bob Wells,no-employment-match,,25,,,
2913826f740ac38b,Brandon T. Bestelmeyer,accept,0000-0001-5060-9955,3,0.821,USDA-ARS Range Management Research,New Mexico State University / USDA-ARS Jornada Experimental Range
b881885093dca319,Bree Yednock,no-employment-match,,3,,,
8a7e67eac9601475,Brent M. Lofgren,accept,0000-0003-2189-0914,25,0.931,NOAA Earth System Research Laboratory,NOAA Office of Oceanic and Atmospheric Research
ea83d14586071609,Brent N. Holben,no-employment-match,,5,,,
a908d07a36c31944,Brett Biebuyck,no-employment-match,,7,,,
57143b1720062775,Brian J. Palik,no-employment-match,,17,,,
00dda128a464e846,Brian L. McGlynn,no-employment-match,,26,,,
a65a790940b2133a,Brian Wee,ambiguous-name-only,,28,,,
a8d586b9db690191,Bruce A. Roundy,no-employment-match,,23,,,
49532c41066068cf,Bruce Peterjohn,accept,0000-0002-0082-3555,3,0.473,U.S. Department of the Interior,USGS / U.S. Fish and Wildlife Service
d98607326cecfb0c,Bryan A. Franz,no-employment-match,,27,,,
452330ea5b5ec226,Bryan L. Foster,accept,0000-0003-3514-0946,30,0.927,University of Kansas,University of Kansas Field Station
1476fa2ef14d2c65,Cadet H. Hand,no-employment-match,,25,,,
c3b93845ce50b80a,Caitlin Chaffee,no-employment-match,,25,,,
9b738567dbc65f91,Caitlin Sweeney,no-employment-match,,26,,,
ad5aa257094e5048,Caitlyn Florentine,accept,0000-0002-7028-0963,9,0.689,United States Geological Survey,U.S. Geological Survey
f1df87d51034c8bb,Cara Fritz,no-employment-match,,26,,,
9d3301b5bedc7bb0,Carl A. Roland,no-employment-match,,21,,,
5b05188b06299bcb,Carl C. Trettin,accept,0000-0003-0279-7191,18,0.898,USDA Forest Service,USDA Forest Service Southern Research Station
3a65ca0e1c4155db,Carl Gouldman,no-employment-match,,2,,,
9b1ee2717dfe0f43,Carl L. Unkrich,no-employment-match,,4,,,
7a898241b1a1895e,Carl N. Skinner,no-employment-match,,27,,,
7fe8ec6ac11fa14c,Carolyn G. Olson,no-employment-match,,27,,,
7bae5581771793bb,Carolyn T. Hunsaker,accept,0000-0002-5662-2402,26,1.0,USDA Forest Service Pacific Southwest Research Station,USDA Forest Service Pacific Southwest Research Station
202bbb8a3332595a,Catherine M. Pringle,no-employment-match,,28,,,
75c0cfa0816ff895,Cathryn H. Greenberg,no-employment-match,,28,,,
bf80a2465cbb1ac9,Cathy Jean,no-employment-match,,26,,,
149b2fc4d19cc39e,Cathy Whitlock,no-employment-match,,29,,,
00635929d56cdf7c,Charles A. Stock,no-employment-match,,27,,,
3ed20ddcd7b1909b,Charles C. Rhoades,no-employment-match,,26,,,
42c3f9b357b65363,Charles D. Keeling,no-employment-match,,26,,,
354088fac0c8bdf1,Charles David Keeling,no-employment-match,,31,,,
b099a3abf6df7fd4,Charles L. Redman,no-employment-match,,26,,,
64d7871a0d3ffc51,Charles S. Hopkinson,accept,0000-0002-7331-8322,26,0.934,Marine Biological Laboratory,Marine Biological Laboratory / Boston University
61b8c83c1c2c0e7b,Charles T. Driscoll,ambiguous-name-only,,27,,,
7d22ef20e12d37ed,Charles W. Wood,no-employment-match,,18,,,
445c074471c9ce80,Cheryl Brown,no-employment-match,,14,,,
00026e050784c815,Christel C. Kern,no-employment-match,,26,,,
60f17309b7c7d295,Christopher J. Korleski,no-employment-match,,3,,,
a0acf3d092ae31d9,Christopher J. McCabe,no-employment-match,,32,,,
04ff4be42dc8ed69,Christopher J. McNeil,accept,0000-0003-4170-0428,27,0.689,United States Geological Survey,U.S. Geological Survey
8551c2a22b4f3fda,Clay E. Porch,accept,0000-0002-4571-060X,21,0.929,National Oceanic and Atmospheric Administration,NOAA National Marine Fisheries Service
273f6ad65aaabb08,Clay Pope,no-employment-match,,25,,,
133e75c812f6d129,Coleen M. Roehl,no-employment-match,,25,,,
ed5dec7853a2d634,Connor J. Flynn,no-employment-match,,33,,,
3ed0239c3096f7e6,Curtis C. Bohlen,no-employment-match,,25,,,
518f5918daa02d26,Dale G. Brockway,accept-name-only,0000-0001-7252-4573,25,0.0,,
9a8ebcbfb9e8a8d6,Daniel A. Sarr,no-employment-match,,26,,,
cf320973302a31e3,Daniel B. Fagre,accept,0000-0001-8552-9461,10,0.988,US Geological Survey,U.S. Geological Survey
5d8c0fd7ccaa79fd,Daniel C. Reed,no-employment-match,,21,,,
390c0c0202494942,Daniel D. Richter,no-employment-match,,25,,,
c7fb084904822a18,Daniel F. Doak,no-employment-match,,27,,,
28b28dc3f1559211,Daniel G. Milchunas,no-candidates,,0,,,
9e1ff713b34bfd02,Daniel L. Childers,accept,0000-0003-3904-0803,27,1.0,Arizona State University,Arizona State University
6771bf636098b7c5,Daniel Markewitz,no-employment-match,,10,,,
6383557dde7a4c3c,Daniel R. LeCain,no-employment-match,,5,,,
319c1ffadf8316ca,Daniel Saenz,ambiguous-name-only,,25,,,
862d6b054dad1e29,Danny J. Marks,accept,0000-0003-3105-8427,27,0.913,USDA Agricultural Research Service,USDA Agricultural Research Service Northwest Watershed Research Center
a16a8a39edfb261c,Daren Harmel,no-employment-match,,28,,,
5b719947c145e31b,Dave Feliz,no-employment-match,,25,,,
5ec3bed9b71f2c10,David A. Gay,no-employment-match,,12,,,
d670146a2d3b206e,David A. Woolhiser,no-employment-match,,3,,,
6531675b7bebe56f,David Alberg,no-employment-match,,13,,,
48620826b8e0d642,David Bushek,no-employment-match,,3,,,
e02b17e5fbdd8eb7,David C. Goodrich,accept,0000-0001-7735-1448,28,0.534,USDA Agricultrual Research Service,USDA Agricultural Research Service Southwest Watershed Research Center
4f846ce4583fcd8c,David C. Shaw,no-employment-match,,25,,,
2153243dbd48ae51,David E. Carr,no-employment-match,,25,,,
b1f96fce80f6e58a,David Garen,no-employment-match,,7,,,
726a3967b22d4435,David J. Augustine,no-employment-match,,28,,,
524628cbd246df84,David J. Cooper,no-employment-match,,25,,,
dfaacb694749fb42,David L. Marx,no-employment-match,,36,,,
94cc79fe26b40c43,David L. Mauzy,no-employment-match,,8,,,
61123101eb07ed03,David L. Peterson,no-employment-match,,25,,,
4ad33c16380447dc,David L. Verbyla,no-employment-match,,7,,,
d53c13cc607e8eba,David M. Bell,ambiguous-name-only,,25,,,
5535a210a4f855ef,David M. Engle,no-employment-match,,26,,,
2338840c74caad8d,David M. Giles,no-employment-match,,15,,,
1614f1c205c206fa,David M. Lodge,no-employment-match,,27,,,
66542145a1f608dc,David M. Mushet,accept,0000-0002-5910-2744,4,0.878,U.S. Geological Survey,U.S. Geological Survey Northern Prairie Wildlife Research Center
0c02e4a3a985b3d1,David R. Foster,no-employment-match,,25,,,
643815430fe614b5,David R. Huggins,accept,0000-0003-0441-8677,30,0.845,Washington State University,USDA Agricultural Research Service Northwest Sustainable Agroecosystems Research Unit / Washington State University
1abb10fefbdde00f,David S. Jones,no-employment-match,,25,,,
f73204b7286ed918,David T. Tazik,no-employment-match,,11,,,
b6bbef2c3541c61c,David W. Bohnert,accept,0000-0002-2286-8316,26,0.889,Oregon State University,USDA Agricultural Research Service / Oregon State University
dc1fc733351c1883,David W. Fahey,accept,0000-0003-1720-0634,26,0.937,National Oceanic and Atmospheric Administration,NOAA Global Monitoring Laboratory
154ecdb4d33cebbe,Dawn Adams,no-employment-match,,32,,,
d30fcb5417cc26ee,Deborah H. Lee,accept,0000-0001-7204-5097,25,0.926,National Oceanic and Atmospheric Administration,NOAA Office of Oceanic and Atmospheric Research
4a96dc22215f09f3,Debra Hernandez,no-employment-match,,27,,,
0f915091e0560264,Debra P.C. Peters,no-employment-match,,26,,,
dfd05415413a9061,Dennis L. Todey,accept,0000-0003-3891-8434,3,0.469,USDA-ARS,USDA Midwest Climate Hub
02617aa472d365ef,Dennis R. Helsel,no-employment-match,,17,,,
8ecea07573485a48,Derek Aday,no-employment-match,,25,,,
40a0967648adba9c,Derek J. Aday,no-employment-match,,25,,,
4e8887805ea52004,Devendra M. Amatya,accept,0000-0003-2641-9267,26,1.0,USDA Forest Service Southern Research Station,USDA Forest Service Southern Research Station
e34a94e7626e4981,Diane A. Granfors,no-employment-match,,5,,,
7636b67be6a536db,Diane M. McKnight,accept,0000-0002-4171-1533,26,0.925,University of Colorado Boulder,University of Colorado Boulder Institute of Arctic and Alpine Research
2f433f24105488fd,Don Cline,no-employment-match,,14,,,
935e5ba30c1d80ab,Donald H. Campbell,no-employment-match,,17,,,
a238905e79159c89,Donna Lee Roberts,no-employment-match,,31,,,
7dca4582530375c6,Donna N. Myers,no-employment-match,,26,,,
78b64e10ad81a25f,Douglas D. McCreary,no-employment-match,,25,,,
18d84808a98cfb0c,Douglas L. Karlen,accept,0000-0001-6995-488X,25,0.881,USDA Agricultural Research Service,USDA Agricultural Research Service National Soil Erosion Research Laboratory / Purdue University
3f89cc18958fef5b,Douglas P. Beard,no-employment-match,,26,,,
fa42ae881799bb3c,Douglas W. Smith,no-employment-match,,25,,,
bb88fde15914534c,Duane De Freese,no-employment-match,,25,,,
1d9e6fc76edb64ed,E. Joseph Metzger,no-employment-match,,25,,,
f778e750190e040d,Ed Sherwood,accept,0000-0001-5330-302X,30,0.934,Tampa Bay Estuary Program,NEP
61fa1b16d473e7c2,Edmund D. Brodie III,no-employment-match,,28,,,
929709eda7006fc3,Edward A.G. Schuur,no-employment-match,,25,,,
531f420333760f1b,Edward G. Stets,accept,0000-0001-5375-0196,26,0.925,U.S. Geological Survey,U.S. Geological Survey Water Mission Area
3aae2734afb26ad3,Edward J. Dlugokencky,no-employment-match,,2,,,
6cd05e628ee535d1,Edward P. Dever,accept,0009-0008-4996-2282,26,0.981,Woods Hole Oceanographic Institution,NSF / Woods Hole Oceanographic Institution
6f69f3abe588dd2d,Elizabeth T. Keppeler,accept,0000-0003-2565-4898,21,1.0,USDA Forest Service Pacific Southwest Research Station,USDA Forest Service Pacific Southwest Research Station
fe0072077a50ecc3,Ellen D. Ketterson,no-employment-match,,4,,,
039081ba02971184,Emile H. Elias,no-employment-match,,26,,,
f94872870037a787,Emily H. Stanley,ambiguous-name-only,,29,,,
8797eaf5c29efcce,Eric E. Knapp,no-employment-match,,26,,,
657dc39ade9eaffb,Eric L. Nagy,accept,0000-0003-3277-9963,27,0.993,Univerity of Virginia,University of Virginia
a5dad302456d732b,Eric Terrill,accept,0000-0003-1807-8351,26,0.746,"University of California, San Diego",University of California San Diego
3ecec15a0484af94,Eric W. Seabloom,accept,0000-0001-6780-9259,5,0.963,University of Minnesota System,University of Minnesota
5e4ba57e6a85a614,Erika Zollett,no-candidates,,0,,,
8c5d344181a3f975,Erin Whorton,accept,0000-0002-1395-3084,16,0.988,US Geological Survey,U.S. Geological Survey
525dc8c26b0ce4b0,Eugene J. Stallings,no-employment-match,,25,,,
1a33a9821431a520,Eugene N. Haderlie,no-employment-match,,5,,,
2a7ce037e6e394a0,Eugenie S. Euskirchen,accept-name-only,0000-0002-0848-4295,5,0.0,,
9d009ce27a162c4c,Evelyn E. Gaiser,accept,0000-0003-2065-4821,26,1.0,Florida International University,Florida International University
f4ef93eeae99a83f,"Francis E. ""Jack"" Putz",accept,0000-0003-0051-6675,26,1.0,University of Florida,University of Florida
766d181a805aecfc,Frank Lopez,no-employment-match,,25,,,
c8aaec7745ac7c97,Frank Piorko,no-employment-match,,2,,,
53a7d86745d71b6d,Frederick B. Pierson,no-employment-match,,25,,,
5fb976591e85e9aa,Frederick E. Below,accept,0000-0001-7696-3688,25,0.89,University of Illinois System,University of Illinois at Urbana-Champaign College of ACES
868c24653a75997a,Frederick J. Swanson,no-employment-match,,26,,,
e8a32ac37b918719,G. David Tilman,no-employment-match,,25,,,
ea8dfe18835635c2,G.P. Schmahl,no-employment-match,,21,,,
4412724ca103eeb6,Gaius R. Shaver,accept,0000-0002-6745-9989,25,0.946,University of Alaska Fairbanks,University of Alaska Fairbanks Institute of Arctic Biology
da16e9d8c9c57dca,Gary E. Belovsky,accept,0000-0002-4242-697X,5,1.0,University of Notre Dame,University of Notre Dame
9396fa6213aab905,Gary Koh,no-employment-match,,26,,,
441519aeeaddb210,Gary M. Lovett,accept-name-only,0000-0002-8411-8027,26,0.0,,
7bbb44e20d56d998,George N. Somero,no-employment-match,,6,,,
a917ec61067391a0,George W. Kling,no-employment-match,,26,,,
bb1e42d65dacb19f,Gerhard Kuska,accept,0009-0004-3874-9620,16,1.0,MARACOOS,MARACOOS
7125e2c15eb448a5,Glenn J. Warren,no-employment-match,,26,,,
cdbb99d5c8f76520,Glenn P. Juday,no-employment-match,,6,,,
ab0dc192c9a223a6,Greg Maurer,ambiguous-name-only,,27,,,
69156925c600ef3b,Gregg Jacobs,no-employment-match,,26,,,
57b5d029bb0bbec3,Gregory A. Beachley,no-employment-match,,3,,,
a0c56aeb989a6049,Gregory W. McCarty,accept,0000-0001-7064-7166,27,0.622,USDA-ARS Beltsville Area,USDA Agricultural Research Service Beltsville Agricultural Research Center
539cfeb351fd826e,Grizelle Gonzalez,accept,0000-0003-3007-5540,26,0.886,USDA Forest Service,USDA Forest Service International Institute of Tropical Forestry
2ac4e4f32f8605a5,Gustav Paulay,no-employment-match,,2,,,
38bc8953010658e1,H. Curtis Monger,no-employment-match,,25,,,
8e879da61139051d,H. Wayne Polley,no-employment-match,,26,,,
7c83f364a0a08fa7,Harold A. Kantrud,no-candidates,,0,,,
3449c93e3cc4643f,Harry F. Lins,accept,0000-0001-5385-9247,26,1.0,U.S. Geological Survey,U.S. Geological Survey
2f6ae8d7c8e4c332,Heather Cossins,no-employment-match,,10,,,
8f8b1bb8bacac538,Heidi M. Sosik,accept-name-only,0000-0002-4591-2842,6,0.0,,
336df80bf6128743,Helen M. Alexander,no-employment-match,,31,,,
b595882f44dd0531,Helene C. Muller-Landau,accept,0000-0002-3526-9021,1,0.939,Smithsonian Institution,Smithsonian Institution / National Zoo
b3b2c56bcac4611e,Henry A. McNab,no-employment-match,,25,,,
9cbdc3aba2974ddc,Henry M. Wilbur,accept,0000-0003-0819-2206,25,1.0,University of Virginia,University of Virginia
586bca6b0aeec537,Henry S. Fitch,no-employment-match,,27,,,
07f3388a384dce4f,Hilary Swain,no-employment-match,,26,,,
0eb2dcf7dbfc237a,Hugh W. Ducklow,no-employment-match,,2,,,
9c048d0b381441c6,Ian Billick,no-employment-match,,7,,,
a6321f1fe1240ee8,J. Bret Taylor,no-employment-match,,25,,,
42bf8f3c32b3e898,J. Morgan Grove,no-employment-match,,26,,,
c34a1c5f933f1380,Jace Tunnell,no-employment-match,,26,,,
19f53838b113841f,Jack A. Morgan,no-employment-match,,19,,,
cc3d7ae0cf817f06,Jack Lewis,no-employment-match,,20,,,
b836c01b3ce1085c,Jacquelyn Smith,no-employment-match,,27,,,
29cb8fad56ee4d93,James B. Heffernan,accept,0000-0001-7641-9949,31,0.917,Arizona State University,Arizona State University / Tonto National Forest
9425d4c5f125c7f8,James H. Mather,no-employment-match,,26,,,
5e5229e6c0234d0e,James K. Ringelman,no-employment-match,,2,,,
05cd3e5a347bf721,James M. Vose,no-employment-match,,22,,,
eff5fa6bbe87e56e,James R. Brandle,no-employment-match,,4,,,
8fc81e5e1f88d158,James R. Slack,no-employment-match,,27,,,
0c5c6d3e3addc60a,James W. Elkins,accept,0000-0003-4701-3100,29,0.755,NOAA Earth System Research Laboratory,NOAA Global Monitoring Laboratory
1f1d9e29d7172eca,James W. Elwood,no-employment-match,,26,,,
5db12034b3db069b,Janet A. Nye,no-employment-match,,26,,,
b8b8b8f5bc41b221,Jay D. Anderson,no-employment-match,,13,,,
adce18af3ae4cb5c,Jayne Belnap,no-employment-match,,23,,,
2ea743ac79d858a6,Jean L. Steiner,accept,0000-0003-3779-8717,28,1.0,USDA Agricultural Research Service,USDA Agricultural Research Service
8725387bb9033c57,Jeff Brown,ambiguous-name-only,,25,,,
74a615f95073ea1e,Jeffrey A. Melby,no-employment-match,,25,,,
5f4fdbf5ab00fd14,Jeffrey E. Herrick,no-employment-match,,28,,,
baed5d2eb25b2c83,Jeffrey J. Polovina,no-employment-match,,23,,,
39d2f84526578c79,Jeffrey M. Warren,accept,0000-0002-0680-4697,32,0.951,Oak Ridge National Laboratory,U.S. Department of Energy / Oak Ridge National Laboratory
2b88b68983d75db2,Jeffrey Q. Chambers,no-employment-match,,28,,,
d1e197ce9bd81918,Jeffrey R. Taylor,ambiguous-name-only,,20,,,
ca80f36b4d6fd2fe,Jeffrey R. Walters,no-employment-match,,28,,,
0838d6dc94b29eb3,Jeffrey S. Fehmi,accept,0000-0003-0618-9740,19,0.841,University of Arizona,University of Arizona / USDA-ARS Southwest Watershed Research Center (historic USFS)
f97bf3a26fe12218,Jeffrey W. Riley,no-employment-match,,31,,,
d362d3413af317f1,Jennifer L. Tank,accept,0000-0001-9005-9548,26,1.0,University of Notre Dame,University of Notre Dame
8746ca3b28c09bf1,Jennifer Mercer,no-employment-match,,29,,,
23e6dd323ad1aeca,Jeremy Werdell,accept,0000-0002-3592-0152,1,1.0,NASA Goddard Space Flight Center,NASA Goddard Space Flight Center
38a28e7ea22cbdf3,Jerry F. Franklin,no-employment-match,,28,,,
d23de0567b53ae5c,Jess K. Zimmerman,no-employment-match,,30,,,
bb85a672de1df35f,Jesse McNinch,no-employment-match,,8,,,
9d94c5958c706b29,Jill S. Baron,ambiguous-name-only,,28,,,
f2d16dae35f38db3,Jiquan Chen,no-employment-match,,12,,,
0d1afff8b02b132d,Joanne Lyczkowski-Shultz,no-candidates,,0,,,
2d1a6f25312701cb,Joe Costa,no-employment-match,,25,,,
2e4eeb81315710e8,Joel K. Llopiz,accept,0000-0002-7584-7471,19,1.0,Woods Hole Oceanographic Institution,Woods Hole Oceanographic Institution
875656397f51b651,John B. Miller,no-employment-match,,25,,,
a24932f008d53f14,John C. Brissette,no-employment-match,,21,,,
f79f77e7d0053af0,John C. Priscu,no-employment-match,,4,,,
7c3332d51d99a70f,John E. Hobbie,no-employment-match,,18,,,
e3551a74530baf76,John G. Cook,ambiguous-name-only,,25,,,
537821125bc1ba2a,John J. Magnuson,accept-name-only,0000-0001-5612-8765,25,0.0,,
de6ac79c96ac4f71,John M. Briggs,no-employment-match,,15,,,
f664d2c7434eb9f1,John P. Masterson,no-employment-match,,29,,,
9d84a8b598055f77,John R. Delaney,no-employment-match,,35,,,
4a38247ff5c3944d,John S. Kominoski,accept,0000-0002-0978-3326,1,1.0,Florida International University,Florida International University
bbf49085f718c480,Jonathan Coppess,accept,0000-0002-1504-6621,4,0.89,University of Illinois System,University of Illinois at Urbana-Champaign College of ACES
ecee4fbb12414fd9,Jonathan Hare,accept,0000-0002-6813-8976,31,0.954,NOAA Fisheries,NOAA National Marine Fisheries Service
b5e3a80cb5d7b677,Jonathan King,no-employment-match,,25,,,
3ef416c55fbc8805,Jonathan Pennock,no-employment-match,,25,,,
80b0edc1cb561e26,Jonathan R. Thompson,accept,0000-0003-0512-1226,21,1.0,Harvard University,Harvard University
9cb12ddb7eb973a7,Jonathan W. Long,accept,0000-0003-0474-0463,12,0.841,USDA Forest Service Pacific Southwest Research Station,USDA Forest Service Pacific Northwest Research Station
5ed6f748858dc381,Jorge Brenner,accept,0000-0002-4962-4784,26,0.835,Gulf of America Coastal Ocean Observing System,Gulf of Mexico Coastal Ocean Observing System
3252478b0ccb29d1,Jorge E. Capella,no-employment-match,,25,,,
72fe4f167cafeaf4,Jose F. Negron,accept,0000-0002-5757-7594,33,0.939,Rocky Mountain Research Station,USDA Forest Service Rocky Mountain Research Station
1277cf9f2e505701,Joshua Ginsberg,accept-name-only,0000-0001-7083-2433,27,0.0,,
275723277f7feea8,Julia A. Jones,no-employment-match,,25,,,
8c983df37245956e,Justin C. Johnson,ambiguous-name-only,,25,,,
4a343ad740f67a71,Justin D. Derner,accept,0000-0001-8076-0736,17,0.997,USDA-Agricultural Research Service Rangeland Resources & Systems Research Unit,USDA Agricultural Research Service Rangeland Resources and Systems Research Unit
8cfeea24cc6af614,Karen J. McGlathery,no-employment-match,,4,,,
d2dacbce0b6f2307,Karen Treviño,no-employment-match,,30,,,
fe7f8da35d2a47aa,Katherine Brodie,no-employment-match,,27,,,
1ba5574a8642b7db,Katherine Skalak,no-employment-match,,9,,,
8b8b12abf5313165,Kathleen A. Lohse,no-employment-match,,26,,,
033c692c6a03f8d7,Kathleen K. Le Quesne,no-employment-match,,19,,,
5a9dc4eff3a6298e,Kathryn L. Purcell,accept,0000-0001-8452-7501,26,0.87, US Forest Service,USDA Forest Service Pacific Southwest Research Station
faec0b1a7efbcd69,Kathryn M. Thibault,no-employment-match,,25,,,
321c02fed2f30692,Kathryn R. Greenberg,no-employment-match,,25,,,
9bb2966b8154ec72,Keith Laakkonen,no-employment-match,,25,,,
f097c6e0562b414f,Keli J. Goodman,accept-name-only,0000-0001-7121-2017,26,0.0,,
f5611814b5912cae,Kelsey G. Jencso,no-employment-match,,1,,,
9b219c96c5e7c2a2,Kemp Howell,no-employment-match,,25,,,
c51e55e400a76e67,Ken Bible,no-employment-match,,25,,,
e061d5fa32de9d71,Kenneth H. Dunton,no-employment-match,,25,,,
dfe2c93a54f19923,Kenneth L. Clark,accept,0000-0003-0534-9677,35,1.0,USDA Forest Service Northern Research Station,USDA Forest Service Northern Research Station
ce536b9046940db5,Kenneth P. Sebens,no-employment-match,,5,,,
8c6704528c9e0822,Kerim Y. Aydin,no-employment-match,,29,,,
36c2104a3ae92990,Kevin W. King,no-employment-match,,25,,,
12c8a7152cc90e47,Kevin Werner,no-employment-match,,29,,,
2a664828edac77cd,Kim Penn,no-employment-match,,25,,,
109c4e071d496173,Kimberly Cole,no-employment-match,,27,,,
4605b83a91471988,Klaus J. Puettmann,accept-name-only,0000-0002-9736-5924,2,0.0,,
92b4040f2334a1b3,Kris M. Havstad,no-employment-match,,10,,,
6e2b2ed5943eb0af,Kristina F. Connor,no-employment-match,,25,,,
d86725647422a3b4,Kristina J. Anderson-Teixeira,no-employment-match,,1,,,
8d51bb7b34801463,Lance T. Vermeire,no-employment-match,,26,,,
171583167ac1fa98,Laura Blackmore,no-employment-match,,26,,,
35489949d8a4eddd,Laura F. Huenneke,no-employment-match,,1,,,
a375fc6aad33a1ef,Laura S. Kenefic,accept,0000-0001-5060-963X,4,0.799,"U.S. Forest Service, Northern Research Station",USDA Forest Service Northern Research Station
810cc47b90d197f6,Lihini I. Aluwihare,no-employment-match,,8,,,
1131fef9a148368a,Linda K. Blum,no-employment-match,,26,,,
913445d0864ba4b1,Linda Mutch,no-employment-match,,25,,,
77bdf6f68d188012,Lindsay J. Cross,no-employment-match,,25,,,
da275fa6bfc97a50,Lindsay R. Boring,no-employment-match,,25,,,
532eae047a910544,Lindsey E. Rustad,accept-name-only,0000-0002-6683-2374,25,0.0,,
a1b41acbebfba3ac,Lisa Auermuller,no-employment-match,,1,,,
627df49b5cb461d6,Lisa Wooninck,no-candidates,,0,,,
172f3e136a5be817,Louis A. Sass III,no-employment-match,,31,,,
73b79d2384c7475e,Lowell W. Fritz,accept,0000-0002-2063-4639,26,0.9,National Marine Fisheries Service,NOAA National Marine Fisheries Service
4371c9217052372f,M. Alisa Mast,no-employment-match,,25,,,
8d06dff30e60db1b,M. Jake Vander Zanden,no-employment-match,,25,,,
b42a60a757590004,M. Syndonia Bret-Harte,no-employment-match,,1,,,
677f418d7108aeba,Malcolm P. North,accept,0000-0002-9090-784X,26,0.88,USDA Forest Service,USDA Forest Service Pacific Southwest Research Station
c544c1a394290b9c,Marc Macias-Fauria,no-employment-match,,2,,,
4fe2554fd58689bc,Marcel Peliks,no-employment-match,,2,,,
504dc47213217627,Margaret R. MacCluskie,no-employment-match,,1,,,
e76bff21b7f27e7b,Mariko Yamasaki,no-employment-match,,26,,,
9d5ea260e2101807,Mark A. Liebig,accept,0000-0002-2716-3665,26,0.905,USDA Agricultural Research Service,USDA Agricultural Research Service Northern Great Plains Research Laboratory
ac75a7e6450b9958,Mark A. Mast,no-employment-match,,25,,,
8a0fe85d82bed6a6,Mark A. Nearing,no-employment-match,,9,,,
e96219c06ce1efcb,Mark Adams,no-employment-match,,25,,,
0e4ecc40f1b91d40,Mark C. Serreze,accept,0000-0002-3699-302X,2,0.895,University of Colorado Boulder,"National Snow and Ice Data Center / CIRES, University of Colorado Boulder"
f94aec1e532d6854,Mark D. Ivey,no-employment-match,,27,,,
f11b01ff1c76bb6a,Mark D. Ohman,accept-name-only,0000-0001-8136-3695,25,0.0,,
f6a1bf3efab705c9,Mark D. Tomer,accept,0000-0001-9010-1881,26,1.0,USDA Agricultural Research Service,USDA Agricultural Research Service
a398fb35ba8d3a16,Mark E. Harmon,no-employment-match,,31,,,
fdd01ff8110578aa,Mark E. Miller,no-employment-match,,25,,,
5b7b81f826a97675,Mark E. Mort,no-employment-match,,26,,,
f37256ce98e8dee3,Mark F. Meier,no-employment-match,,16,,,
7bc5e609b885f230,Mark H. Sherfy,no-employment-match,,2,,,
e5e364043e76af6a,Mark K. Petersen,no-employment-match,,15,,,
7a9213c896308f34,Mark McHugh,ambiguous-name-only,,30,,,
901c67b74cb2f61c,Mark P. McClaran,no-employment-match,,5,,,
22bc4f4a9ca43e24,Mark S. Seyfried,no-employment-match,,25,,,
dce86cb0be724f8a,Mark Tedesco,no-employment-match,,25,,,
daa5f24e5a75b98d,Mark W. Johnson,ambiguous-name-only,,25,,,
517a62bbfa5de4f9,Mark W. Williams,no-employment-match,,25,,,
ea7cb6e788f736c1,Marshall R. Haferkamp,no-employment-match,,15,,,
c9f3ab63499d8381,Martha H. Conklin,no-employment-match,,26,,,
1b3e397a2768eb14,Martin Tresguerres,accept,0000-0002-7090-9266,8,0.746,"University of California, San Diego",University of California San Diego
1e295b5348f8a709,Mary Beth Adams,no-employment-match,,22,,,
baae7bccdda9a1d2,Mary L. Cadenasso,no-employment-match,,5,,,
a6ef85de71a62800,Mary M. Rowland,ambiguous-name-only,,29,,,
97b189ca5b4a308a,Matt Gerhart,no-employment-match,,25,,,
1df90ad70d7f8307,Matthew J. Rinella,no-employment-match,,19,,,
e40e75f4e126ed1b,Mauri Pelto,no-employment-match,,21,,,
38d581ab98f80db9,Maynard M. Miller,no-employment-match,,25,,,
621e14ebbafe8c13,Megan N. Dethier,accept,0000-0001-8900-0522,18,1.0,University of Washington,University of Washington
620bddf1cfade2a8,Megan Tyrrell,no-employment-match,,26,,,
d7a9966fec318ef3,Melinda D. Smith,no-employment-match,,36,,,
f2ec194405d50b28,Melissa Iwamoto,no-employment-match,,25,,,
1dfbebd4b288c3b5,Merryl Alber,no-employment-match,,26,,,
e3e68a0ad17bfcd7,Michael P. Crosby,accept,0000-0001-6099-3305,31,0.958,Mote Marine Laboratory,Mote Marine Laboratory and Aquarium
37a53cd1e17a3212,Michael P. Seki,accept,0000-0002-2805-9800,26,0.578,National Oceanic & Atmospheric Administration (NOAA),NOAA National Marine Fisheries Service
8bc21560c47de961,Michael R. Gallagher,no-employment-match,,25,,,
8b46cf9bb8d3d818,Michael R. Landry,accept,0009-0000-0174-1247,33,0.864,California Institute of Technology,California Current Ecosystem LTER
de4cb4cd8ed655fc,Michael Shirley,no-employment-match,,28,,,
767f22a470dcfaf7,Michelle A. Baker,accept,0000-0002-7188-8639,15,0.797,Utah State University,University of Utah / iUTAH (innovative Urban Transitions and Aridregion Hydro-sustainability)
413ae75281f8da75,Mike Britten,no-employment-match,,25,,,
66e40b724d1a79f4,Mike Murray,ambiguous-name-only,,33,,,
20e346fbae4bcf60,Mike SanClements,no-employment-match,,1,,,
833343a12c62a1d9,Mingchu Zhang,no-employment-match,,17,,,
78ff22c20cb9a5dd,Mitchel P. McClaran,accept,0000-0002-8456-8976,5,0.841,University of Arizona,University of Arizona / USDA-ARS Southwest Watershed Research Center (historic USFS)
10e66d4c9e9adf27,Molly McCammon,no-employment-match,,25,,,
bc3e328a4a4e526d,Monica G. Turner,accept,0000-0003-1903-2822,29,0.942,University of Wisconsin-Madison,University of Wisconsin–Madison Center for Limnology
c1e26e84b048f9e8,Nancy B. Grimm,accept,0000-0001-9374-660X,26,1.0,Arizona State University,Arizona State University
2629ed7ac232cd73,Nathan J. Wood,accept,0000-0002-6060-9729,22,1.0,U.S. Geological Survey,U.S. Geological Survey
8e9dfd3399a56894,Ned H. Euliss Jr.,no-employment-match,,25,,,
712ad74675c66753,Newell R. Kitchen,no-employment-match,,26,,,
7ac5ab6d8d5fbaa7,Nicholas S. Skowronski,accept,0000-0002-5801-5614,25,1.0,USDA Forest Service Northern Research Station,USDA Forest Service Northern Research Station
234d5914488a8ee1,Nicole Burnett,no-employment-match,,28,,,
c3a636cd082f8708,Nicole Dix,no-employment-match,,26,,,
3220c7e0d013b75e,Nipam H. Patel,accept,0000-0003-4328-654X,28,1.0,Marine Biological Laboratory,Marine Biological Laboratory
defb21e739c616d6,Norberto C. Nadal-Caraballo,accept,0000-0001-5019-3654,1,0.981,Engineer Research and Development Center,USACE Engineer Research and Development Center
6fc2416a6359a82a,Norman E. Peters,ambiguous-name-only,,28,,,
48dd772cc537f42a,Norman Kuring,no-employment-match,,3,,,
a3c33358cd194622,Olga M. Ramos Gonzalez,no-employment-match,,25,,,
6559f1a7025d21d7,Oscar M. Schofield,no-employment-match,,27,,,
166ce41ca72bb22c,Oscar Schofield,no-employment-match,,27,,,
19ab590e73a53cfe,Owen W. Bricker III,no-employment-match,,26,,,
1dd50c0f8252e0af,P.J. White,no-employment-match,,27,,,
295f602ce055d210,Pamela DiBona,no-employment-match,,12,,,
91a7f2b53eb1327d,Patrick E. Clark,accept,0000-0003-4299-1853,36,0.913,USDA Agricultural Research Service,USDA Agricultural Research Service Northwest Watershed Research Center
cb9e576165d749c3,Patrick J. Mulholland,no-employment-match,,27,,,
3d4953e34fdc0f3e,Patrick J. Starks,accept,0000-0003-2844-8993,26,0.973,USDA-ARS Grazinglands Research Laboratory,USDA-ARS Grazinglands Research Laboratory (El Reno)
3ceffad485f4226d,Paul D. Brooks,accept,0000-0001-9201-1062,12,0.824,University of Utah,University of Utah / iUTAH (innovative Urban Transitions and Aridregion Hydro-sustainability)
e2aae559eebec697,Paul J. Hanson,accept,0000-0001-7293-3561,35,0.951,Oak Ridge National Laboratory,U.S. Department of Energy / Oak Ridge National Laboratory
a4fa1a2d1756a89b,Paul Super,no-employment-match,,25,,,
f690e713efa7b94c,Paula J. Fornwalt,accept,0000-0002-5252-408X,5,1.0,USDA Forest Service Rocky Mountain Research Station,USDA Forest Service Rocky Mountain Research Station
5fda251c32665eff,Paula M. Mabee,accept-name-only,0000-0002-8455-3213,18,0.0,,
0536d7bc8e52c5da,Peggy Fiedler,accept-name-only,0000-0002-6062-3758,27,0.0,,
6200adc5b7f152a9,Pete DeCola,no-employment-match,,6,,,
48df43e50a058182,Peter B. Adler,no-employment-match,,31,,,
1b2336f0683e42ee,Peter J. Edmunds,no-employment-match,,26,,,
a98eedc97b48a8d5,Peter M. Groffman,accept-name-only,0000-0001-8371-6255,3,0.0,,
f4bf10a31bad9be8,Peter M. Wohlgemuth,no-employment-match,,25,,,
73f14c7389432d8c,Peter T. Doran,no-employment-match,,28,,,
44d2590f1baa863c,Phillip M. Harris,accept,0000-0003-3215-2167,31,0.841,University of Alabama,University of Alabama Aquatic Resources Center / Mobile Bay National Estuary Program
12cfd74b699e1d8d,Pieter P. Tans,no-employment-match,,13,,,
d3e058f5c2515bdb,Pixie A. Hamilton,no-employment-match,,25,,,
bf8296857b25c8d2,Rachel Hutchinson,ambiguous-name-only,,31,,,
16673fd6404c76bc,Ralph F. Keeling,accept-name-only,0000-0002-9749-2253,27,0.0,,
c18f6d40f2167d9f,Randall K. Kolka,no-employment-match,,11,,,
e57ea18418ffe5a5,Ray Allen,no-employment-match,,14,,,
8fe1d70043b5f99c,Richard L. Woodsmith,accept,0000-0003-3557-164X,4,0.845,"USDA, Forest Service, Pacific Northwest Research Station",USDA Forest Service Pacific Northwest Research Station
7c4c96ee00325fcf,Robert A. Gleason,accept,0000-0001-5308-8657,29,1.0,U.S. Geological Survey Northern Prairie Wildlife Research Center,U.S. Geological Survey Northern Prairie Wildlife Research Center
cc3630eb28fe7917,Robert A. Slesak,no-employment-match,,2,,,
ec07589b9c0057ea,Robert B. Waide,no-employment-match,,6,,,
a519f85e80dc9957,Robert E. Stewart,no-employment-match,,25,,,
11fa2a90bcae6e79,Robert F. Chen,no-employment-match,,25,,,
92370aeb740940c5,Robert H. Lee,ambiguous-name-only,,25,,,
00dc1f8dee64d571,Robert Heitsenrether,accept,0009-0005-4381-5650,1,0.947,National Oceanic and Atmospheric Administration,NOAA National Ocean Service
f64884e40d3a566d,Robert J. Luxmoore,no-employment-match,,5,,,
d574f93e9f92a588,Robert J. Miller,no-employment-match,,25,,,
b884729a62f348fe,Robert J. Mitchell,no-employment-match,,25,,,
c5b78aaf169c23b5,Robert M. Hirsch,accept,0000-0002-4534-075X,34,0.988,US Geological Survey,U.S. Geological Survey
069819363768ffc9,Robert M. Musselman,no-employment-match,,25,,,
5c7f5517bfde5364,Robert P. Foy,no-employment-match,,25,,,
a6992a44fab919e2,Robert Wood,no-employment-match,,25,,,
1bb81c605c7e1595,Roberta Swift,no-employment-match,,25,,,
0e588f2714399ff7,Robyn Barbato,no-employment-match,,26,,,
e2f1087ef1255876,Roger C. Bales,no-employment-match,,26,,,
666de6d5c0619ae4,Roger R. Revelle,no-employment-match,,17,,,
2d3c7bac17ee6fda,Roger T. Hanlon,accept,0000-0003-0004-5674,26,1.0,Marine Biological Laboratory,Marine Biological Laboratory
ad98ae5843e924b3,Roger W. Ruess,no-employment-match,,26,,,
43a5e54111b9cfb0,Roland P. Roberts,no-employment-match,,28,,,
172831f3743e05e7,Rommel Zulueta,accept-name-only,0000-0002-2441-8845,26,0.0,,
0d0614860e211514,Ronald E. Thill,no-employment-match,,25,,,
82730c88785b1381,Roni Avissar,accept,0009-0002-8724-0287,9,0.845,"University of Miami Rosenstiel School of Marine, Atmospheric and Earth Science",University of Miami
f8bf8cfeb100d882,Ru Morrison,no-employment-match,,32,,,
f8484e7162f261a2,Russell C. Schnell,accept,0000-0002-5792-6205,26,0.755,NOAA Earth System Research Laboratory,NOAA Global Monitoring Laboratory
791cd33e5e3e6645,Russell J. Schmitt,accept,0000-0002-9674-4244,26,0.837,University of California Santa Barbara,UC Santa Barbara / California State University Northridge
869c619d03f397bf,Russell L. Scott,ambiguous-name-only,,30,,,
3347897d0ee4cca1,Russell R. Hopcroft,no-employment-match,,16,,,
42c1b0b0170f00e3,Russell T. Graham,no-employment-match,,28,,,
71e1e627dbbd4cd6,Ryan Knox,ambiguous-name-only,,28,,,
0e2c97658527666b,Sally A. McFarlane,accept,0009-0000-4656-0597,26,0.821,U.S. Department of Energy Office of Science Office of Biological and Environmental Research,U.S. Department of Energy
f7d5a851ece50276,Sally J. Holbrook,accept,0000-0002-3015-3484,26,0.837,University of California Santa Barbara,UC Santa Barbara / California State University Northridge
04f985dff73c5c2f,Sam Droege,no-employment-match,,26,,,
f36858d7ceebb82f,Sammy Orlando,no-employment-match,,26,,,
2f81b4ca49d09363,Samuel D. Fuhlendorf,accept,0000-0002-8726-9402,3,0.876,Oklahoma State University,Oklahoma State University Division of Agricultural Sciences and Natural Resources
874ee60be65d5d32,Sarah Allen,no-employment-match,,25,,,
40147e9b2dd665ce,Sarah E. Hobbie,accept,0000-0001-5159-031X,18,0.942,University of Minnesota Twin Cities,University of Minnesota
b62aa4cdcf06f782,Sarah Fangman,no-employment-match,,7,,,
820647e48e2e96f8,Sarah Fernald,no-employment-match,,21,,,
8f90b6c07223f1c8,Sarah J. Elmendorf,ambiguous-name-only,,8,,,
b19bb75e9cef1f67,Sarah Lehmann,no-employment-match,,34,,,
1eb3771506b20c11,Scott L. Collins,accept,0000-0002-0193-2892,12,0.874,University of New Mexico,University of New Mexico / USFWS Sevilleta National Wildlife Refuge
5d629d0a75bc900b,Sean W. Bailey,accept,0000-0001-8339-9763,13,1.0,NASA Goddard Space Flight Center,NASA Goddard Space Flight Center
fb20cf19aea554db,Shad O'Neel,accept,0000-0002-9185-0144,2,0.988,US Geological Survey,U.S. Geological Survey
2489c99c3e981f47,Shauna Oh,no-employment-match,,26,,,
dcca8a3b723b5ff3,Sherri L. Johnson,accept,0000-0002-4223-3465,28,1.0,USDA Forest Service Pacific  Northwest Research Station,USDA Forest Service Pacific Northwest Research Station
29a1de7b8d63fec3,Sherry L. Larkin,accept,0000-0002-8850-0856,26,0.923,Florida Sea Grant,Sea Grant
314847a20a276f44,Spicer Bak,accept,0000-0001-6586-5409,26,0.546,US Army Engineer Research and Development Center,"USACE Engineer Research and Development Center, Coastal and Hydraulics Laboratory"
189a6c75258f53dd,Stephen A. Montzka,accept,0000-0002-9396-0400,5,0.937,National Oceanic and Atmospheric Administration,NOAA Global Monitoring Laboratory
35eaa2830b9374cd,Stephen B. Brandt,no-employment-match,,27,,,
3f2d587d6154367d,Stephen E. Hatch,no-employment-match,,25,,,
192965b176145665,Stephen K. Hamilton,accept,0000-0002-4702-9017,34,0.894,Michigan State University,Michigan State University / USDA Agricultural Research Service
e1f1cfd39b8a619a,Stephen R. Carpenter,ambiguous-name-only,,32,,,
9aa4789346786e1f,Stephen R. Palumbi,no-employment-match,,6,,,
716d3647e2d78669,Stephen W. Coates,no-employment-match,,28,,,
97c9f8b0a50a7751,Steve A. Fancy,no-employment-match,,25,,,
fc4c024faf7e902a,Steve Morrison,no-employment-match,,12,,,
c23422f0a84a715b,Steven B. Jack,no-employment-match,,26,,,
f8ca4493adfeba9d,Steven C. Pennings,no-employment-match,,27,,,
a1104835a815a107,Steven Constable,accept,0000-0001-6324-3470,26,1.0,Scripps Institution of Oceanography ,Scripps Institution of Oceanography
f05c62d0080f319a,Steven G. McNulty,accept,0000-0003-4518-5646,27,0.521,USDA Forest Service Southern Research Station,USDA Agricultural Research Service
5eaa251843542cc7,Steven L. Garman,no-employment-match,,26,,,
f4537d537ef83ccb,Steven R. Archer,no-employment-match,,27,,,
845ecfc716487cc8,Steward T.A. Pickett,accept,0000-0002-1899-976X,26,0.883,Cary Institute of Ecosystem Studies,Cary Institute of Ecosystem Studies / University of Maryland Baltimore County
f4cb8eeebc939f37,Stuart E. Jones,no-employment-match,,17,,,
1037a08a424673ae,Stuart G. Fisher,no-employment-match,,28,,,
500cd362ba9257f9,Stuart J. Davies,no-employment-match,,27,,,
fe36471335cd04e1,Sue Bickford,no-employment-match,,25,,,
efdf9a744c9f7844,Susan Cordell,accept,0000-0003-4840-8921,26,1.0,USDA Forest Service Institute of Pacific Islands Forestry,USDA Forest Service Institute of Pacific Islands Forestry
2216dae2ac06adae,Suzanne L. Strom,no-employment-match,,25,,,
52af70a7fa6cf7aa,Sven Bohm,accept,0000-0002-6224-7848,26,0.716,Michigan State University W K Kellogg Biological Station,KBS — Kellogg Biological Station LTAR
e6292e2abed80616,T'ai H. Roulston,no-employment-match,,25,,,
24e22d4a7a9dcbc3,Tamara E. C. Kraus,no-employment-match,,26,,,
8f7fcf009852c620,Theresa B. Jain,no-employment-match,,26,,,
0efae0a2d2ce471c,Thomas A. Spies,no-employment-match,,29,,,
7deedda05c2127c3,Thomas H. Yorke,no-employment-match,,25,,,
dd8f6330cf10998b,Thomas P. Philippi,no-employment-match,,25,,,
7432259666b9607e,Tilden P. Meyers,no-employment-match,,26,,,
e4e4a45985e23e1c,Timothy Graham,no-employment-match,,13,,,
c766ea5d6625e4aa,Timothy J. Arkebauer,no-employment-match,,1,,,
810a51a39f93c67f,Timothy K. Kratz,no-employment-match,,25,,,
dac1a994e80c5471,Tom Ford,no-employment-match,,15,,,
82d9a41288c87b8a,Tom Pagano,no-employment-match,,27,,,
b45f8af5a4ea7fee,Tonna-Marie Surgeon Rogers,no-employment-match,,25,,,
8a7043ba5f9e0280,Ty V. Wamsley,no-employment-match,,25,,,
b22629ef31c3d47b,Vladimir E. Romanovsky,no-employment-match,,18,,,
fb22bc8e165ce844,W. Berry Lyons,no-employment-match,,25,,,
ba1cb0b7411a819d,Walt Meier,accept,0000-0003-2857-0550,29,0.903,National Snow and Ice Data Center,"National Snow and Ice Data Center / CIRES, University of Colorado Boulder"
6c66dc8dc73af74b,Ward W. McCaughey,no-employment-match,,25,,,
84fd3a0840781db4,Wayne D. Shepperd,no-employment-match,,18,,,
4294539df0aba4b6,Wayne T. Swank,no-employment-match,,25,,,
f7dab42f56acda0e,Whitney Jenkins,no-employment-match,,25,,,
a7a27beeed6c5b69,William C. Malm,no-employment-match,,25,,,
3d5a241777af4abe,William D. Tietje,no-employment-match,,19,,,
3f19b5e2c0a7af7d,William E. Reed,no-employment-match,,18,,,
f139bf5d315e753d,William J. McShea,accept,0000-0002-8102-0200,15,1.0,Smithsonian Conservation Biology Institute,Smithsonian Conservation Biology Institute
8deac8c4c95e70e6,William K. Lauenroth,no-employment-match,,12,,,
d1c39e3d5ff9d8e3,William P. Bowman,accept,0000-0003-4381-5245,33,0.825,The Pennsylvania State University - University Park Campus,National Park Service
5df97c3113302e64,William Reay,no-employment-match,,26,,,
26027a7a13f3ccb6,William Sweet,accept,0000-0002-0149-8336,33,1.0,NOAA National Ocean Service,NOAA National Ocean Service
18f5893d82b6ee6c,William T. Peterjohn,no-employment-match,,3,,,
29c2ed03c667e8dd,William T. Pockman,accept,0000-0002-3286-0457,2,0.874,University of New Mexico,University of New Mexico / USFWS Sevilleta National Wildlife Refuge
