openalex_id,openalex_label,area_id,confidence,notes
# OpenAlex topic / concept -> lto research_areas crosswalk.
# Used by scripts/compute_area_metrics.py to turn the per-publication
# topics in publication_topics into per-(person, area) metrics.
#
# One OpenAlex id may map to several area_ids: one row per pair.
# `confidence` is high|medium|low, a multiplier of 1.0 / 0.7 / 0.4.
#
# Rules this file follows (scripts/qa.py enforces the first two):
#   1. Every id that occurs in publication_topics carries the label
#      OpenAlex gives it. Never type an id from memory: copy id and name
#      together from publication_topics. An earlier version of this file
#      mapped "Kelp" using the id of "Global warming", and "Ecosystem"
#      using the id of the general concept "Ecology".
#   2. Every area_id exists in schema/vocab/research_areas.csv.
#   3. Map a topic to what it is about, across all seven spheres. This
#      catalogue is not only coastal: "Rangeland and Wildlife Management"
#      is rangeland ecology, not a coastal terrestrial ecosystem.
#   4. Broad level-0/1 concepts (Ecology, Biology, Geology, Environmental
#      science) are left out: they sit on thousands of unrelated papers.
#   5. Topics outside the catalogue's subject (oncology, astrophysics,
#      political science) are left unmapped on purpose, so a person's
#      areas are not diluted by off-domain work.
#
# ============ TOPICS (Tnnnnn) - OpenAlex topic hierarchy; the primary signal ============
T10266,Plant Water Relations and Carbon Dynamics,ecohydrology,high,
T10266,Plant Water Relations and Carbon Dynamics,primary-production,medium,
T10005,Ecology and Vegetation Dynamics Studies,plant-population-and-community,high,
T10005,Ecology and Vegetation Dynamics Studies,grassland-ecology,medium,
T10005,Ecology and Vegetation Dynamics Studies,terrestrial-ecology,medium,
T11588,Atmospheric and Environmental Gas Dynamics,greenhouse-gases,high,
T11588,Atmospheric and Environmental Gas Dynamics,atmospheric-chemistry,medium,
T11311,Soil and Water Nutrient Dynamics,biogeochemistry,high,
T11311,Soil and Water Nutrient Dynamics,surface-water-chemistry,medium,
T11311,Soil and Water Nutrient Dynamics,water-quality,medium,
T10330,Hydrology and Watershed Management Studies,hydrology,high,
T10330,Hydrology and Watershed Management Studies,watershed-management,high,
T10555,Fire effects on ecosystems,fire-ecology,high,
T10555,Fire effects on ecosystems,disturbance-ecology,medium,
T10004,Soil Carbon and Nitrogen Dynamics,soil-science,high,
T10004,Soil Carbon and Nitrogen Dynamics,biogeochemistry,high,
T10075,Atmospheric chemistry and aerosols,atmospheric-chemistry,high,
T10075,Atmospheric chemistry and aerosols,aerosols-and-radiation,high,
T13388,Rangeland and Wildlife Management,rangeland-ecology,high,
T13388,Rangeland and Wildlife Management,wildlife-conservation,medium,
T12091,Peatlands and Wetlands Ecology,estuaries-and-wetlands,medium,
T12091,Peatlands and Wetlands Ecology,biogeochemistry,medium,
T10302,Fish Ecology and Management Studies,fish-ecology,high,
T10302,Fish Ecology and Management Studies,fisheries-and-aquaculture,medium,
T10029,Climate variability and models,climate-and-climate-change,high,
T10644,Cryospheric studies and observations,polar-and-cryosphere,high,
T10644,Cryospheric studies and observations,cryospheric-science,high,
T11320,Atmospheric Ozone and Climate,atmospheric-chemistry,high,
T11320,Atmospheric Ozone and Climate,climate-and-climate-change,medium,
T10895,Species Distribution and Climate Change,climate-and-climate-change,medium,
T10895,Species Distribution and Climate Change,plant-population-and-community,low,
T10895,Species Distribution and Climate Change,animal-population-and-community,low,
T11333,Climate change and permafrost,permafrost,high,
T11333,Climate change and permafrost,polar-and-cryosphere,medium,
T11333,Climate change and permafrost,climate-and-climate-change,medium,
T11880,Forest ecology and management,forest-ecology,high,
T11880,Forest ecology and management,silviculture,medium,
T10487,Plant and animal studies,animal-population-and-community,medium,
T10487,Plant and animal studies,plant-population-and-community,medium,
T10017,Geology and Paleoclimatology Research,paleoclimate,high,
T10017,Geology and Paleoclimatology Research,geology-and-geochemistry,medium,
T10111,Remote Sensing in Agriculture,remote-sensing,high,
T10111,Remote Sensing in Agriculture,agroecosystem-science,medium,
T10226,Land Use and Ecosystem Services,land-use-and-land-cover-change,high,
T12073,Isotope Analysis in Ecology,biogeochemistry,medium,
T12073,Isotope Analysis in Ecology,animal-population-and-community,low,
T11760,Plant responses to elevated CO2,primary-production,medium,
T11760,Plant responses to elevated CO2,climate-and-climate-change,medium,
T11760,Plant responses to elevated CO2,greenhouse-gases,low,
T10889,Soil erosion and sediment transport,soil-science,high,
T10889,Soil erosion and sediment transport,watershed-management,low,
T11753,Forest Management and Policy,silviculture,high,
T11753,Forest Management and Policy,forest-ecology,medium,
T10199,Wildlife Ecology and Conservation,wildlife-conservation,high,
T10199,Wildlife Ecology and Conservation,animal-population-and-community,medium,
T11594,Tree-ring climate responses,dendrochronology,high,
T11594,Tree-ring climate responses,paleoclimate,medium,
T10236,Aquatic Ecosystems and Phytoplankton Dynamics,limnology,medium,
T10236,Aquatic Ecosystems and Phytoplankton Dynamics,biological-oceanography,medium,
T10236,Aquatic Ecosystems and Phytoplankton Dynamics,harmful-algal-blooms,medium,
T11791,Microbial Community Ecology and Physiology,microbial-ecology,high,
T10577,Hydrology and Sediment Transport Processes,hydrology,high,
T10577,Hydrology and Sediment Transport Processes,sediment-transport,medium,
T12713,Forest Ecology and Biodiversity Studies,forest-ecology,high,
T10398,Groundwater and Isotope Geochemistry,groundwater,high,
T10398,Groundwater and Isotope Geochemistry,geology-and-geochemistry,medium,
T11164,Remote Sensing and LiDAR Applications,remote-sensing,high,
T10669,Freshwater macroinvertebrate diversity and ecology,freshwater-invertebrates,high,
T10669,Freshwater macroinvertebrate diversity and ecology,stream-ecology,medium,
T10466,Meteorological Phenomena and Simulations,atmospheric-science,high,
T10466,Meteorological Phenomena and Simulations,climate-and-climate-change,low,
T11913,Animal Ecology and Behavior Studies,animal-population-and-community,high,
T10716,Soil and Unsaturated Flow,soil-science,high,
T10716,Soil and Unsaturated Flow,ecohydrology,medium,
T10716,Soil and Unsaturated Flow,groundwater,low,
T13377,Ecosystem dynamics and resilience,disturbance-ecology,medium,
T13377,Ecosystem dynamics and resilience,long-term-trends,medium,
T13377,Ecosystem dynamics and resilience,terrestrial-ecology,medium,
T11691,Forest Insect Ecology and Management,forest-ecology,medium,
T11691,Forest Insect Ecology and Management,disturbance-ecology,medium,
T10347,Atmospheric aerosols and clouds,aerosols-and-radiation,high,
T10319,"Conservation, Biodiversity, and Resource Management",wildlife-conservation,high,
T10930,Flood Risk Assessment and Management,hydrology,medium,
T10930,Flood Risk Assessment and Management,watershed-management,low,
T10190,Air Quality and Health Impacts,air-quality,high,
T10190,Air Quality and Health Impacts,environmental-health,high,
T10012,Genetic diversity and population structure,animal-population-and-community,low,
T12003,Bioenergy crop production and management,sustainable-agriculture,medium,
T12003,Bioenergy crop production and management,agroecosystem-science,medium,
T12467,Rangeland Management and Livestock Ecology,rangeland-ecology,high,
T12467,Rangeland Management and Livestock Ecology,livestock-grazing,high,
T12383,Aeolian processes and effects,desert-ecology,medium,
T12383,Aeolian processes and effects,soil-science,medium,
T11312,Soil Moisture and Remote Sensing,remote-sensing,high,
T11312,Soil Moisture and Remote Sensing,ecohydrology,medium,
T11186,Hydrology and Drought Analysis,hydrology,high,
T11186,Hydrology and Drought Analysis,climate-and-climate-change,medium,
T11186,Hydrology and Drought Analysis,water-resources-management,medium,
T12773,Water Quality and Resources Studies,water-quality,high,
T12773,Water Quality and Resources Studies,water-resources-management,medium,
T12097,Aquatic Invertebrate Ecology and Behavior,freshwater-invertebrates,medium,
T12097,Aquatic Invertebrate Ecology and Behavior,marine-ecosystems,low,
T12310,Crop Yield and Soil Fertility,soil-fertility-and-cropping,high,
T10841,Economic and Environmental Valuation,environmental-policy-and-governance,medium,
T10841,Economic and Environmental Valuation,human-demography-and-economy,medium,
T10770,Soil Geostatistics and Mapping,soil-science,high,
T10098,Ruminant Nutrition and Digestive Physiology,livestock-grazing,medium,
T10451,Mycorrhizal Fungi and Plant Interactions,microbial-ecology,high,
T10451,Mycorrhizal Fungi and Plant Interactions,plant-population-and-community,medium,
T12618,Botany and Plant Ecology Studies,plant-population-and-community,high,
T10439,Climate change impacts on agriculture,agroecosystem-science,high,
T10439,Climate change impacts on agriculture,climate-and-climate-change,medium,
T13015,"Botany, Ecology, and Taxonomy Studies",plant-population-and-community,medium,
T10965,Geological formations and processes,geology-and-geochemistry,high,
T10572,Geophysical and Geoelectrical Methods,geology-and-geochemistry,medium,
T10572,Geophysical and Geoelectrical Methods,groundwater,low,
T10089,Avian ecology and behavior,animal-population-and-community,high,
T10089,Avian ecology and behavior,wildlife-conservation,low,
T12870,Seedling growth and survival studies,forest-ecology,medium,
T12870,Seedling growth and survival studies,plant-population-and-community,medium,
T10702,Insect and Arachnid Ecology and Behavior,animal-population-and-community,medium,
T10894,Groundwater flow and contamination studies,groundwater,high,
T10894,Groundwater flow and contamination studies,water-quality,medium,
T11634,Water Quality and Pollution Assessment,water-quality,high,
T10399,Hydrocarbon exploration and reservoir analysis,geology-and-geochemistry,medium,
T12118,Forest Biomass Utilization and Management,silviculture,medium,
T12118,Forest Biomass Utilization and Management,forest-ecology,low,
T10692,Urban Green Space and Health,urban-ecology,high,
T10692,Urban Green Space and Health,environmental-health,medium,
T10174,Animal Behavior and Reproduction,animal-population-and-community,medium,
T12319,Fish Biology and Ecology Studies,fish-ecology,high,
T12319,Fish Biology and Ecology Studies,fisheries-and-aquaculture,medium,
T11119,Urban Stormwater Management Solutions,urban-ecology,medium,
T11119,Urban Stormwater Management Solutions,water-resources-management,medium,
T11119,Urban Stormwater Management Solutions,water-quality,medium,
T10969,Water resources management and optimization,water-resources-management,high,
T12640,Environmental DNA in Biodiversity Studies,animal-population-and-community,low,
T11923,Mine drainage and remediation techniques,water-treatment-and-reuse,medium,
T11923,Mine drainage and remediation techniques,water-quality,medium,
T10139,Heavy metals in environment,water-quality,medium,
T10139,Heavy metals in environment,environmental-health,medium,
T10564,Wastewater Treatment and Nitrogen Removal,water-treatment-and-reuse,high,
T12033,Agricultural Economics and Policy,human-demography-and-economy,medium,
T12033,Agricultural Economics and Policy,agroecosystem-science,low,
T12180,Polar Research and Ecology,polar-and-cryosphere,high,
T10766,Urban Heat Island Mitigation,urban-ecology,high,
T10766,Urban Heat Island Mitigation,climate-and-climate-change,low,
T11740,Geochemistry and Elemental Analysis,geology-and-geochemistry,high,
T11247,Plant nutrient uptake and metabolism,soil-science,low,
T12120,Air Quality Monitoring and Forecasting,air-quality,high,
T10747,Disaster Management and Resilience,environmental-health,medium,
T10747,Disaster Management and Resilience,environmental-policy-and-governance,medium,
T12729,Tree Root and Stability Studies,forest-ecology,low,
T14249,Water Quality Monitoring and Analysis,water-quality,high,
T12934,Plant and fungal interactions,microbial-ecology,high,
T12934,Plant and fungal interactions,plant-population-and-community,medium,
T13220,Plant and Fungal Interactions Research,microbial-ecology,high,
T13220,Plant and Fungal Interactions Research,plant-population-and-community,medium,
T11528,Lichen and fungal ecology,microbial-ecology,medium,
T10001,Geological and Geochemical Analysis,geology-and-geochemistry,high,
T11405,Geophysics and Gravity Measurements,geology-and-geochemistry,medium,
T13591,Pasture and Agricultural Systems,livestock-grazing,medium,
T13591,Pasture and Agricultural Systems,agroecosystem-science,medium,
T14039,Ecology and biodiversity studies,terrestrial-ecology,medium,
T12157,Geochemistry and Geologic Mapping,geology-and-geochemistry,high,
T10819,Mercury impact and mitigation studies,water-quality,medium,
T10819,Mercury impact and mitigation studies,atmospheric-deposition,medium,
T10819,Mercury impact and mitigation studies,environmental-health,low,
T11490,Hydrological Forecasting Using AI,hydrology,high,
T11609,Geophysical Methods and Applications,geology-and-geochemistry,medium,
T12643,Sustainability and Ecological Systems Analysis,environmental-policy-and-governance,medium,
T12436,Agronomic Practices and Intercropping Systems,soil-fertility-and-cropping,medium,
T12436,Agronomic Practices and Intercropping Systems,sustainable-agriculture,medium,
T10119,Sustainability and Climate Change Governance,environmental-policy-and-governance,high,
T13939,Archaeology and Natural History,paleoclimate,low,
T12472,Plant responses to water stress,ecohydrology,high,
T12014,"Fish biology, ecology, and behavior",fish-ecology,high,
T10087,Archaeology and ancient environmental studies,paleoclimate,medium,
T12724,Water-Energy-Food Nexus Studies,water-resources-management,high,
T12724,Water-Energy-Food Nexus Studies,environmental-policy-and-governance,medium,
T11404,Irrigation Practices and Water Management,water-resources-management,high,
T11404,Irrigation Practices and Water Management,agroecosystem-science,medium,
T12697,Water Quality Monitoring Technologies,water-quality,high,
T11234,Precipitation Measurement and Analysis,atmospheric-science,medium,
T11234,Precipitation Measurement and Analysis,hydrology,medium,
T12832,Biocrusts and Microbial Ecology,microbial-ecology,high,
T12832,Biocrusts and Microbial Ecology,desert-ecology,high,
T12832,Biocrusts and Microbial Ecology,soil-science,medium,
T10109,Paleontology and Stratigraphy of Fossils,geology-and-geochemistry,medium,
T10109,Paleontology and Stratigraphy of Fossils,paleoclimate,low,
T13177,Geological and Geophysical Studies,geology-and-geochemistry,medium,
T12614,Indigenous Studies and Ecology,environmental-policy-and-governance,low,
T13890,Remote Sensing and Land Use,remote-sensing,high,
T13890,Remote Sensing and Land Use,land-use-and-land-cover-change,high,
T10135,Insect-Plant Interactions and Control,plant-population-and-community,low,
T10135,Insect-Plant Interactions and Control,animal-population-and-community,low,
T14468,Plant Ecology and Soil Science,plant-population-and-community,medium,
T14468,Plant Ecology and Soil Science,soil-science,medium,
T14427,Environmental Monitoring and Data Management,long-term-trends,medium,
T12644,Wildlife-Road Interactions and Conservation,wildlife-conservation,high,
T10471,Climate Change Policy and Economics,environmental-policy-and-governance,high,
T10471,Climate Change Policy and Economics,climate-and-climate-change,medium,
T12792,Soil Management and Crop Yield,soil-fertility-and-cropping,high,
T11259,Agriculture Sustainability and Environmental Impact,sustainable-agriculture,high,
T13438,Environmental Conservation and Management,wildlife-conservation,medium,
T13438,Environmental Conservation and Management,environmental-policy-and-governance,low,
T11624,Constructed Wetlands for Wastewater Treatment,water-treatment-and-reuse,high,
T10122,Toxic Organic Pollutants Impact,water-quality,medium,
T10122,Toxic Organic Pollutants Impact,environmental-health,medium,
T10447,Environmental Toxicology and Ecotoxicology,water-quality,medium,
T10447,Environmental Toxicology and Ecotoxicology,environmental-health,medium,
T11317,Fire dynamics and safety research,fire-ecology,low,
T13193,Geological Studies and Exploration,geology-and-geochemistry,medium,
T11470,Legume Nitrogen Fixing Symbiosis,soil-fertility-and-cropping,medium,
T12012,Diatoms and Algae Research,limnology,medium,
T12083,Karst Systems and Hydrogeology,groundwater,high,
T12083,Karst Systems and Hydrogeology,geology-and-geochemistry,medium,
T13009,Agroforestry and silvopastoral systems,sustainable-agriculture,medium,
T10689,Remote-Sensing Image Classification,remote-sensing,high,
T10110,earthquake and tectonic studies,geology-and-geochemistry,medium,
T11302,CO2 Sequestration and Geologic Interactions,geology-and-geochemistry,medium,
T12837,American Environmental and Regional History,environmental-policy-and-governance,low,
T11430,Disaster Response and Management,environmental-health,medium,
T10332,Amphibian and Reptile Biology,animal-population-and-community,medium,
T11974,Lepidoptera: Biology and Taxonomy,animal-population-and-community,low,
T10303,Photosynthetic Processes and Mechanisms,primary-production,medium,
T10385,Plant Diversity and Evolution,plant-population-and-community,medium,
T10710,Arsenic contamination and mitigation,water-quality,medium,
T10710,Arsenic contamination and mitigation,water-treatment-and-reuse,medium,
T10710,Arsenic contamination and mitigation,environmental-health,medium,
T13530,Climate Change and Environmental Impact,climate-and-climate-change,medium,
T12365,Effects of Environmental Stressors on Livestock,livestock-grazing,medium,
T11886,Agricultural risk and resilience,agroecosystem-science,medium,
T11244,Climate Change and Health Impacts,environmental-health,high,
T11244,Climate Change and Health Impacts,climate-and-climate-change,medium,
T11488,Climate Change Communication and Perception,environmental-policy-and-governance,medium,
T11781,Wastewater Treatment and Reuse,water-treatment-and-reuse,high,
T13102,Soil and Environmental Studies,soil-science,medium,
T12186,Phosphorus and nutrient management,biogeochemistry,medium,
T12186,Phosphorus and nutrient management,water-quality,medium,
T12492,Zoonotic diseases and public health,environmental-health,medium,
T10753,Microplastics and Plastic Pollution,marine-debris-and-plastics,high,
T11493,Water Treatment and Disinfection,water-treatment-and-reuse,high,
T10419,Pharmaceutical and Antibiotic Environmental Impacts,water-quality,medium,
T10419,Pharmaceutical and Antibiotic Environmental Impacts,water-treatment-and-reuse,low,
T12701,Biological Control of Invasive Species,invasive-species,high,
T12615,Climate Change and Geoengineering,climate-and-climate-change,medium,
T10790,Heavy Metal Exposure and Toxicity,environmental-health,high,
T12895,Environmental law and policy,environmental-policy-and-governance,high,
T12013,Sustainable Development and Environmental Policy,environmental-policy-and-governance,high,
T11755,Transboundary Water Resource Management,water-resources-management,high,
T11755,Transboundary Water Resource Management,environmental-policy-and-governance,medium,
T12656,"Climate Change, Adaptation, Migration",climate-and-climate-change,medium,
T12656,"Climate Change, Adaptation, Migration",environmental-policy-and-governance,medium,
T13490,Aquatic Ecosystems and Biodiversity,limnology,medium,
T11026,Occupational and environmental lung diseases,environmental-health,medium,
T11228,Bat Biology and Ecology Studies,animal-population-and-community,medium,
T11573,Risk Perception and Management,environmental-policy-and-governance,low,
T11089,Radioactive contamination and transfer,water-quality,low,
T11665,Animal Vocal Communication and Behavior,animal-population-and-community,low,
# ============ TOPICS carried over unchanged from the coastal-era file (label verified where the id occurs) ============
T10032,Marine and coastal ecosystems,marine-ecosystems,high,
T10230,Marine and fisheries research,fisheries-and-aquaculture,high,
T10230,Marine and fisheries research,marine-ecosystems,medium,
T10779,Coastal wetland ecosystem dynamics,estuaries-and-wetlands,high,
T10779,Coastal wetland ecosystem dynamics,salt-marshes,high,
T10779,Coastal wetland ecosystem dynamics,tidal-wetlands,high,
T10765,Marine Biology and Ecology Research,biological-oceanography,high,
T10765,Marine Biology and Ecology Research,marine-ecosystems,medium,
T10643,Marine and coastal plant biology,seagrass,high,
T10643,Marine and coastal plant biology,mangroves,high,
T10643,Marine and coastal plant biology,coastal-terrestrial-ecosystems,medium,
T10341,Coral and Marine Ecosystems Studies,coral-reefs,high,
T10341,Coral and Marine Ecosystems Studies,marine-ecosystems,medium,
T10255,Oceanographic and Atmospheric Processes,physical-oceanography,high,
T10255,Oceanographic and Atmospheric Processes,oceanography,medium,
T11088,Marine Bivalve and Aquaculture Studies,fisheries-and-aquaculture,high,
T11088,Marine Bivalve and Aquaculture Studies,marine-ecosystems,medium,
T10647,Coastal and Marine Dynamics,coastal-processes,high,
T10647,Coastal and Marine Dynamics,sediment-transport,medium,
T10995,Methane Hydrates and Related Phenomena,marine-geology,high,
T10995,Methane Hydrates and Related Phenomena,marine-biogeochemistry,medium,
T10659,Marine animal studies overview,marine-ecosystems,high,
T10659,Marine animal studies overview,marine-mammals,medium,
T11459,Arctic and Antarctic ice dynamics,polar-and-cryosphere,high,
T12806,Ocean Acidification Effects and Responses,ocean-acidification,high,
T12806,Ocean Acidification Effects and Responses,marine-biogeochemistry,medium,
T12414,Coastal and Marine Management,marine-policy-and-socio-economics,high,
T12414,Coastal and Marine Management,coastal-processes,medium,
T11698,Underwater Acoustics Research,ocean-observing-systems,high,
T11698,Underwater Acoustics Research,marine-mammals,medium,
T12596,Cephalopods and Marine Biology,marine-ecosystems,high,
T12596,Cephalopods and Marine Biology,deep-sea,medium,
T10450,Aquaculture Nutrition and Growth,fisheries-and-aquaculture,high,
T14047,Marine and environmental studies,marine-ecosystems,high,
T14047,Marine and environmental studies,oceanography,medium,
T12213,Marine Ecology and Invasive Species,marine-ecosystems,high,
T12213,Marine Ecology and Invasive Species,coastal-disturbance,medium,
T11004,Crustacean biology and ecology,marine-ecosystems,medium,
T11004,Crustacean biology and ecology,fisheries-and-aquaculture,low,
T12142,Marine Invertebrate Physiology and Ecology,marine-ecosystems,high,
T12142,Marine Invertebrate Physiology and Ecology,biological-oceanography,medium,
T11061,Ocean Waves and Remote Sensing,physical-oceanography,high,
T11061,Ocean Waves and Remote Sensing,remote-sensing,high,
T11985,Marine Toxins and Detection Methods,harmful-algal-blooms,high,
T11656,Turtle Biology and Conservation,marine-ecosystems,high,
T11387,Ichthyology and Marine Biology,fisheries-and-aquaculture,high,
T11387,Ichthyology and Marine Biology,marine-ecosystems,medium,
T11340,Marine Sponges and Natural Products,marine-ecosystems,high,
T11340,Marine Sponges and Natural Products,coral-reefs,medium,
T10506,Aquaculture disease management and microbiota,fisheries-and-aquaculture,high,
T13205,Geological and Geophysical Studies Worldwide,geology-and-geochemistry,low,
T12316,Oil Spill Detection and Mitigation,marine-policy-and-socio-economics,medium,
T12316,Oil Spill Detection and Mitigation,marine-debris-and-plastics,medium,
T10757,Geographic Information Systems Studies,remote-sensing,medium,
T11192,Underwater Vehicles and Communication Systems,ocean-observing-systems,high,
T11483,Tropical and Extratropical Cyclones Research,tsunamis-and-coastal-hazards,medium,
T11483,Tropical and Extratropical Cyclones Research,climate-and-sea-level,low,
T12071,Marine Biology and Environmental Chemistry,marine-biogeochemistry,high,
T12071,Marine Biology and Environmental Chemistry,marine-ecosystems,medium,
T11879,Protist diversity and phylogeny,biological-oceanography,medium,
T10413,High-pressure geophysics and materials,geology-and-geochemistry,low,
# ============ CONCEPTS (Cnnnnnnnnn) - older Wikidata-derived tags; a fallback for papers without topics ============
C2779345167,Aerosol,aerosols-and-radiation,medium,
C559116025,Air pollution,air-quality,high,
C126314574,Air quality index,air-quality,high,
C120305227,Algal bloom,harmful-algal-blooms,high,
C86909935,Aquaculture,fisheries-and-aquaculture,high,
C75622301,Aquifer,groundwater,high,
C518008717,Arctic,polar-and-cryosphere,medium,
C150772632,Arid,desert-ecology,high,
C502230775,Arsenic,water-quality,medium,
C71915725,Biogeochemical cycle,biogeochemistry,high,
C130309983,Biogeochemistry,biogeochemistry,high,
C2780257989,Biological soil crust,desert-ecology,high,
C2780257989,Biological soil crust,microbial-ecology,high,
C6939412,Carbon cycle,biogeochemistry,medium,
C530467964,Carbon dioxide,greenhouse-gases,medium,
C22884784,Carbon sequestration,biogeochemistry,medium,
C2777803996,Cetacea,marine-mammals,high,
C132651083,Climate change,climate-and-climate-change,medium,
C2778900803,Coastal management,marine-policy-and-socio-economics,medium,
C143020374,Coral,coral-reefs,high,
C21790881,Deep sea,deep-sea,high,
C18678713,Dendrochronology,dendrochronology,high,
C2776130869,Desert (philosophy),desert-ecology,medium,
C33559203,Desertification,desert-ecology,high,
C33559203,Desertification,land-use-and-land-cover-change,medium,
C2777601987,Disturbance (geology),disturbance-ecology,medium,
C126645576,Drainage basin,watershed-management,medium,
C126645576,Drainage basin,hydrology,medium,
C69514717,Ecohydrology,ecohydrology,high,
C150117547,Ecological succession,disturbance-ecology,medium,
C150117547,Ecological succession,plant-population-and-community,medium,
C35187779,Eddy covariance,eddy-covariance-flux,high,
C99454951,Environmental health,environmental-health,medium,
C2778560467,Environmental justice,environmental-health,medium,
C2778560467,Environmental justice,environmental-policy-and-governance,medium,
C88160329,Estuary,estuaries-and-wetlands,medium,
C176783924,Evapotranspiration,ecohydrology,high,
C195330766,Fire ecology,fire-ecology,high,
C505870484,Fishery,fisheries-and-aquaculture,low,
C109931610,Food web,animal-population-and-community,low,
C73935091,Forest ecology,forest-ecology,high,
C17409809,Geochemistry,geology-and-geochemistry,low,
C100834320,Glacier,glaciology,high,
C115343472,Global warming,climate-and-climate-change,medium,
C2775835988,Grassland,grassland-ecology,high,
C2777904157,Grazing,livestock-grazing,high,
C2777904157,Grazing,rangeland-ecology,medium,
C47737302,Greenhouse gas,greenhouse-gases,high,
C76177295,Groundwater,groundwater,high,
C140345934,Holocene,paleoclimate,medium,
C76886044,Hydrology (agriculture),hydrology,low,
C136020623,Invasive species,invasive-species,high,
C88862950,Irrigation,water-resources-management,medium,
C2776705890,Kelp,kelp-forests,medium,
C153274386,Kelp forest,kelp-forests,high,
C2780648208,Land cover,land-use-and-land-cover-change,high,
C4792198,Land use,land-use-and-land-cover-change,medium,
C189047708,Limnology,limnology,high,
C112964050,Livestock,livestock-grazing,medium,
C68874143,Mangrove,mangroves,high,
C62329434,Marine debris,marine-debris-and-plastics,high,
C516920438,Methane,greenhouse-gases,medium,
C2780401329,Microplastics,marine-debris-and-plastics,high,
C136996986,Monsoon,climate-and-climate-change,medium,
C2778464884,Mycorrhiza,microbial-ecology,high,
C49045045,Nitrogen cycle,biogeochemistry,high,
C19829342,Ocean acidification,ocean-acidification,high,
C33683781,Paleoclimatology,paleoclimate,high,
C24245907,Particulates,air-quality,medium,
C15098985,Permafrost,permafrost,high,
C2780892065,Phytoplankton,biological-oceanography,medium,
C53002841,Plant community,plant-population-and-community,high,
C53570757,Pleistocene,paleoclimate,medium,
C29705727,Polar,polar-and-cryosphere,medium,
C188382862,Predation,animal-population-and-community,medium,
C24717449,Primary production,primary-production,high,
C138816342,Public health,environmental-health,low,
C130989795,Rangeland,rangeland-ecology,high,
C2777493420,Reclaimed water,water-treatment-and-reuse,high,
C62649853,Remote sensing,remote-sensing,low,
C11731853,Riparian zone,stream-ecology,medium,
C11731853,Riparian zone,watershed-management,low,
C87441765,Salt marsh,salt-marshes,high,
C136894858,Sea ice,sea-ice,high,
C74501621,Sea level,climate-and-sea-level,high,
C2777774347,Sea level rise,climate-and-sea-level,high,
C134097258,Sea surface temperature,physical-oceanography,medium,
C2777981335,Seabird,seabirds,high,
C2777400808,Seagrass,seagrass,high,
C65589250,Sediment transport,sediment-transport,high,
C57442070,Sewage treatment,water-treatment-and-reuse,high,
C59898753,Shrubland,desert-ecology,medium,
C59898753,Shrubland,rangeland-ecology,low,
C58874564,Smoke,air-quality,medium,
C58874564,Smoke,fire-ecology,low,
C197046000,Snow,snow-hydrology,medium,
C2778877292,Snowpack,snow-hydrology,high,
C39464130,Soil carbon,soil-science,high,
C39464130,Soil carbon,biogeochemistry,medium,
C182124840,Soil organic matter,soil-science,high,
C159390177,Soil science,soil-science,low,
C22818535,Storm surge,tsunamis-and-coastal-hazards,high,
C53739315,Streamflow,hydrology,high,
C50477045,Surface runoff,hydrology,medium,
C78091846,Thermohaline circulation,physical-oceanography,high,
C125069764,Tundra,polar-and-cryosphere,low,
C149348798,Upwelling,physical-oceanography,high,
C555451288,Uranium,water-quality,low,
C555451288,Uranium,environmental-health,low,
C94061648,Wastewater,water-treatment-and-reuse,high,
C2780797713,Water quality,water-quality,high,
C524765639,Water resource management,water-resources-management,medium,
C153823671,Water resources,water-resources-management,high,
C190960625,Water treatment,water-treatment-and-reuse,high,
C150547873,Watershed,watershed-management,medium,
C150547873,Watershed,hydrology,low,
C67715294,Wetland,estuaries-and-wetlands,medium,
C203174812,Woodland,forest-ecology,low,
C158836135,Zooplankton,biological-oceanography,medium,
C158836135,Zooplankton,limnology,low,
